name,datetime,temp,dew,humidity,windspeed,cloudcover,solarradiation,solarenergy,sunrise,sunset,moonphase,conditions,description,icon
"Kano, Nigeria",2023-01-01,17.7,2.2,37.8,51.9,15.1,247.1,21.4,2023-01-01 6:46:25,2023-01-01 18:12:35,0.31,Clear,Clear conditions throughout the day.,wind
"Kano, Nigeria",2023-01-02,17.2,2,38.3,17.2,24.8,244,21.2,2023-01-02 6:46:48,2023-01-02 18:13:08,0.35,Partially cloudy,Partly cloudy throughout the day.,partly-cloudy-day
"Kano, Nigeria",2023-01-03,17.6,3.1,40.8,28.9,13.3,245.1,21.2,2023-01-03 6:47:10,2023-01-03 18:13:42,0.38,Clear,Clear conditions throughout the day.,clear-day
"Kano, Nigeria",2023-01-04,18.3,3.4,39.7,18.3,40.5,244.6,21.2,2023-01-04 6:47:32,2023-01-04 18:14:15,0.41,Partially cloudy,Partly cloudy throughout the day.,partly-cloudy-day
"Kano, Nigeria",2023-01-05,18.7,3.5,40.1,21.9,15.9,243,21,2023-01-05 6:47:53,2023-01-05 18:14:49,0.45,Clear,Clear conditions throughout the day.,clear-day
"Kano, Nigeria",2023-01-06,18.4,4.1,41.5,12.8,18.3,243.9,21.2,2023-01-06 6:48:13,2023-01-06 18:15:22,0.48,Clear,Clear conditions throughout the day.,clear-day
"Kano, Nigeria",2023-01-07,18.9,4.6,42.9,16.1,26.6,251.3,21.8,2023-01-07 6:48:32,2023-01-07 18:15:56,0.5,Partially cloudy,Partly cloudy throughout the day.,partly-cloudy-day
"Kano, Nigeria",2023-01-08,19,2.7,39.1,15,41.1,253.5,21.9,2023-01-08 6:48:50,2023-01-08 18:16:29,0.55,Partially cloudy,Partly cloudy throughout the day.,partly-cloudy-day
"Kano, Nigeria",2023-01-09,18.8,1.2,36.4,18.3,46.6,246.2,21.2,2023-01-09 6:49:07,2023-01-09 18:17:02,0.58,Partially cloudy,Partly cloudy throughout the day.,partly-cloudy-day
"Kano, Nigeria",2023-01-10,18.4,2,35.9,17.2,23.3,248.6,21.3,2023-01-10 6:49:23,2023-01-10 18:17:35,0.62,Partially cloudy,Partly cloudy throughout the day.,partly-cloudy-day
"Kano, Nigeria",2023-01-11,17.9,2.3,38.9,18.3,20.4,249.3,21.4,2023-01-11 6:49:39,2023-01-11 18:18:08,0.65,Partially cloudy,Partly cloudy throughout the day.,partly-cloudy-day
"Kano, Nigeria",2023-01-12,18.3,0.9,34.8,19.7,25.8,249,21.3,2023-01-12 6:49:53,2023-01-12 18:18:41,0.68,"Rain, Partially cloudy",Partly cloudy throughout the day with late afternoon rain.,rain
"Kano, Nigeria",2023-01-13,17.7,0.5,36.7,13.9,16.3,253.8,21.9,2023-01-13 6:50:07,2023-01-13 18:19:13,0.72,Rain,Clear conditions throughout the day with early morning rain.,rain
"Kano, Nigeria",2023-01-14,18.8,-0.6,29.9,18.3,18.5,254.9,21.9,2023-01-14 6:50:19,2023-01-14 18:19:46,0.75,Clear,Clear conditions throughout the day.,clear-day
"Kano, Nigeria",2023-01-15,18.3,2.2,37.7,15,17.6,252.2,21.8,2023-01-15 6:50:30,2023-01-15 18:20:18,0.75,Clear,Clear conditions throughout the day.,clear-day
"Kano, Nigeria",2023-01-16,18,2.8,40.2,57.5,17.9,247,21.4,2023-01-16 6:50:41,2023-01-16 18:20:49,0.82,Rain,Clear conditions throughout the day with afternoon rain.,rain
"Kano, Nigeria",2023-01-17,19,2.8,38.2,18.8,16.7,253.8,21.8,2023-01-17 6:50:50,2023-01-17 18:21:21,0.85,Clear,Clear conditions throughout the day.,clear-day
"Kano, Nigeria",2023-01-18,19.3,2.9,38.8,16.1,25,253.6,21.8,2023-01-18 6:50:58,2023-01-18 18:21:52,0.89,Partially cloudy,Partly cloudy throughout the day.,partly-cloudy-day
"Kano, Nigeria",2023-01-19,19.9,3.6,39.9,11.2,16.3,254.3,21.9,2023-01-19 6:51:05,2023-01-19 18:22:22,0.92,Clear,Clear conditions throughout the day.,clear-day
"Kano, Nigeria",2023-01-20,20.4,3.7,39.4,13.9,24.2,255.1,21.9,2023-01-20 6:51:12,2023-01-20 18:22:53,0.95,Partially cloudy,Partly cloudy throughout the day.,partly-cloudy-day
"Kano, Nigeria",2023-01-21,21.3,1.7,32.7,12.8,20,255.8,21.9,2023-01-21 6:51:17,2023-01-21 18:23:22,0,Clear,Partly cloudy throughout the day.,clear-day
"Kano, Nigeria",2023-01-22,21.2,2.5,35.5,15.3,29.6,256.9,22,2023-01-22 6:51:21,2023-01-22 18:23:52,0.02,Partially cloudy,Partly cloudy throughout the day.,partly-cloudy-day
"Kano, Nigeria",2023-01-23,21.7,2.9,35.4,17.2,46.8,260,22.4,2023-01-23 6:51:24,2023-01-23 18:24:21,0.05,Partially cloudy,Partly cloudy throughout the day.,partly-cloudy-day
"Kano, Nigeria",2023-01-24,21.8,4.2,38.5,11.4,36.4,262.2,22.6,2023-01-24 6:51:25,2023-01-24 18:24:49,0.09,Partially cloudy,Partly cloudy throughout the day.,partly-cloudy-day
"Kano, Nigeria",2023-01-25,21.9,2,33.4,11.4,34.4,262.6,22.6,2023-01-25 6:51:26,2023-01-25 18:25:17,0.12,Partially cloudy,Partly cloudy throughout the day.,partly-cloudy-day
"Kano, Nigeria",2023-01-26,23,2.8,32,11.4,42.4,261.5,22.6,2023-01-26 6:51:26,2023-01-26 18:25:44,0.15,"Rain, Partially cloudy",Partly cloudy throughout the day with rain.,rain
"Kano, Nigeria",2023-01-27,24.2,4.9,35.8,9.2,38.6,262.2,22.6,2023-01-27 6:51:24,2023-01-27 18:26:11,0.19,Partially cloudy,Partly cloudy throughout the day.,partly-cloudy-day
"Kano, Nigeria",2023-01-28,26.2,6.5,33.4,11.4,50,259.5,22.4,2023-01-28 6:51:22,2023-01-28 18:26:38,0.25,Partially cloudy,Partly cloudy throughout the day.,partly-cloudy-day
"Kano, Nigeria",2023-01-29,26.1,5.3,29,8.1,78.5,256.1,22.1,2023-01-29 6:51:18,2023-01-29 18:27:03,0.25,Partially cloudy,Partly cloudy throughout the day.,partly-cloudy-day
"Kano, Nigeria",2023-01-30,26.4,3.3,25.5,13.4,66.6,252.8,21.7,2023-01-30 6:51:14,2023-01-30 18:27:29,0.29,Partially cloudy,Partly cloudy throughout the day.,partly-cloudy-day
"Kano, Nigeria",2023-01-31,23.9,3.4,30.3,11.4,48.2,232.6,20,2023-01-31 6:51:08,2023-01-31 18:27:53,0.32,Partially cloudy,Partly cloudy throughout the day.,partly-cloudy-day
"Kano, Nigeria",2023-02-01,23,2.2,28.1,26.2,40.4,262.5,22.5,2023-02-01 6:51:01,2023-02-01 18:28:17,0.36,"Rain, Partially cloudy",Partly cloudy throughout the day with late afternoon rain.,rain
"Kano, Nigeria",2023-02-02,21.5,3.2,32.4,31.4,25.6,266.5,22.9,2023-02-02 6:50:54,2023-02-02 18:28:41,0.39,"Rain, Partially cloudy",Partly cloudy throughout the day with morning rain.,rain
"Kano, Nigeria",2023-02-03,22.4,5.5,38.2,15,26.4,268.1,23.1,2023-02-03 6:50:45,2023-02-03 18:29:04,0.42,Partially cloudy,Partly cloudy throughout the day.,partly-cloudy-day
"Kano, Nigeria",2023-02-04,23.2,5.2,37,19.7,31.7,266.6,23.1,2023-02-04 6:50:35,2023-02-04 18:29:26,0.46,Partially cloudy,Partly cloudy throughout the day.,partly-cloudy-day
"Kano, Nigeria",2023-02-05,25,5.9,33.1,13.9,53.4,269.5,23.3,2023-02-05 6:50:24,2023-02-05 18:29:48,0.5,"Rain, Partially cloudy",Partly cloudy throughout the day with afternoon rain.,rain
"Kano, Nigeria",2023-02-06,23.4,5.6,36.8,65.5,39.7,271.1,23.4,2023-02-06 6:50:12,2023-02-06 18:30:09,0.52,"Rain, Partially cloudy",Partly cloudy throughout the day with morning rain.,rain
"Kano, Nigeria",2023-02-07,22.5,4.2,34.3,20.4,31.8,274.2,23.6,2023-02-07 6:49:59,2023-02-07 18:30:29,0.56,Partially cloudy,Partly cloudy throughout the day.,partly-cloudy-day
"Kano, Nigeria",2023-02-08,22.5,5.4,37,16.1,19.5,271.9,23.3,2023-02-08 6:49:45,2023-02-08 18:30:49,0.59,Clear,Clear conditions throughout the day.,clear-day
"Kano, Nigeria",2023-02-09,22.6,3.1,32.2,16.1,15,275.4,23.6,2023-02-09 6:49:30,2023-02-09 18:31:08,0.63,Clear,Clear conditions throughout the day.,clear-day
"Kano, Nigeria",2023-02-10,22.8,1.4,27.6,17.2,29.1,279.3,24.1,2023-02-10 6:49:14,2023-02-10 18:31:27,0.66,Partially cloudy,Partly cloudy throughout the day.,partly-cloudy-day
"Kano, Nigeria",2023-02-11,22.3,2.2,30.3,23,22.9,279.8,24.1,2023-02-11 6:48:57,2023-02-11 18:31:44,0.7,"Rain, Partially cloudy",Partly cloudy throughout the day with morning rain.,rain
"Kano, Nigeria",2023-02-12,22.5,3.1,29.6,64.4,21.7,279.9,24.1,2023-02-12 6:48:40,2023-02-12 18:32:02,0.73,"Rain, Partially cloudy",Partly cloudy throughout the day with rain.,rain
"Kano, Nigeria",2023-02-13,22.7,4.5,32.2,21.9,22.5,278.2,24.1,2023-02-13 6:48:21,2023-02-13 18:32:19,0.75,Partially cloudy,Partly cloudy throughout the day.,partly-cloudy-day
"Kano, Nigeria",2023-02-14,22.2,3.8,32.6,21.9,21.3,278.2,24.2,2023-02-14 6:48:01,2023-02-14 18:32:35,0.8,"Rain, Partially cloudy",Partly cloudy throughout the day with early morning rain.,rain
"Kano, Nigeria",2023-02-15,20.1,2.9,32.8,20.8,22.1,280.2,24.3,2023-02-15 6:47:41,2023-02-15 18:32:50,0.83,"Rain, Partially cloudy",Partly cloudy throughout the day with afternoon rain.,rain
"Kano, Nigeria",2023-02-16,19.1,2.8,34.3,23,57.3,281.8,24.3,2023-02-16 6:47:19,2023-02-16 18:33:05,0.87,Partially cloudy,Partly cloudy throughout the day.,partly-cloudy-day
"Kano, Nigeria",2023-02-17,19,2.6,35,19.7,50.4,280.1,24.2,2023-02-17 6:46:57,2023-02-17 18:33:19,0.9,Partially cloudy,Partly cloudy throughout the day.,partly-cloudy-day
"Kano, Nigeria",2023-02-18,19.9,3.5,35.8,21.9,48.8,280.2,24.2,2023-02-18 6:46:34,2023-02-18 18:33:33,0.94,Partially cloudy,Partly cloudy throughout the day.,partly-cloudy-day
"Kano, Nigeria",2023-02-19,20,4,38.4,29.1,42.9,279.9,24.2,2023-02-19 6:46:10,2023-02-19 18:33:46,0.97,Partially cloudy,Partly cloudy throughout the day.,partly-cloudy-day
"Kano, Nigeria",2023-02-20,21,4.1,35.2,19.7,37.5,280.6,24.2,2023-02-20 6:45:46,2023-02-20 18:33:59,0,Partially cloudy,Partly cloudy throughout the day.,partly-cloudy-day
"Kano, Nigeria",2023-02-21,21.8,5.2,36.7,20.4,14.2,282.2,24.3,2023-02-21 6:45:20,2023-02-21 18:34:11,0.04,Clear,Clear conditions throughout the day.,clear-day
"Kano, Nigeria",2023-02-22,22.5,4.2,33.8,13.9,22.5,282.7,24.3,2023-02-22 6:44:54,2023-02-22 18:34:22,0.07,Partially cloudy,Partly cloudy throughout the day.,partly-cloudy-day
"Kano, Nigeria",2023-02-23,23.6,4.9,34.1,10.3,25,284.5,24.5,2023-02-23 6:44:27,2023-02-23 18:34:33,0.1,Partially cloudy,Partly cloudy throughout the day.,partly-cloudy-day
"Kano, Nigeria",2023-02-24,23.9,4.8,33.5,17.9,42.7,285.6,24.6,2023-02-24 6:44:00,2023-02-24 18:34:44,0.14,Partially cloudy,Partly cloudy throughout the day.,partly-cloudy-day
"Kano, Nigeria",2023-02-25,24.6,3,27.9,12.8,71.1,288.3,25.2,2023-02-25 6:43:31,2023-02-25 18:34:54,0.17,Partially cloudy,Partly cloudy throughout the day.,partly-cloudy-day
"Kano, Nigeria",2023-02-26,25.3,4,29.6,13.9,78.9,289.5,25.2,2023-02-26 6:43:02,2023-02-26 18:35:03,0.2,"Rain, Partially cloudy",Partly cloudy throughout the day with late afternoon rain.,rain
"Kano, Nigeria",2023-02-27,26.6,6.7,31.9,9.4,50.4,288,25,2023-02-27 6:42:33,2023-02-27 18:35:12,0.25,Partially cloudy,Partly cloudy throughout the day.,partly-cloudy-day
"Kano, Nigeria",2023-02-28,27.8,7.2,32.2,13.9,35,288.3,25.1,2023-02-28 6:42:02,2023-02-28 18:35:21,0.27,Partially cloudy,Partly cloudy throughout the day.,partly-cloudy-day
"Kano, Nigeria",2023-03-01,28.7,6.8,29.4,10.3,39.6,288.7,25.2,2023-03-01 6:41:31,2023-03-01 18:35:29,0.3,"Rain, Partially cloudy",Partly cloudy throughout the day with afternoon rain.,rain
"Kano, Nigeria",2023-03-02,29.1,8.1,29.8,11.4,68.3,280.7,24.3,2023-03-02 6:41:00,2023-03-02 18:35:36,0.33,"Rain, Partially cloudy",Partly cloudy throughout the day with afternoon rain.,rain
"Kano, Nigeria",2023-03-03,28.5,9.1,32.7,11.4,24.7,290.4,25.3,2023-03-03 6:40:28,2023-03-03 18:35:43,0.37,"Rain, Partially cloudy",Partly cloudy throughout the day with late afternoon rain.,rain
"Kano, Nigeria",2023-03-04,28.4,9.4,34,13.9,25.5,287.4,25,2023-03-04 6:39:56,2023-03-04 18:35:50,0.4,"Rain, Partially cloudy",Partly cloudy throughout the day with early morning rain.,rain
"Kano, Nigeria",2023-03-05,30.8,8.3,27.5,20.8,28.6,288.8,25.2,2023-03-05 6:39:23,2023-03-05 18:35:56,0.43,Partially cloudy,Partly cloudy throughout the day.,partly-cloudy-day
"Kano, Nigeria",2023-03-06,31.9,6.9,24.4,18.3,30.2,293.2,25.3,2023-03-06 6:38:49,2023-03-06 18:36:02,0.46,"Rain, Partially cloudy",Partly cloudy throughout the day with morning rain.,rain
"Kano, Nigeria",2023-03-07,30,8.7,29.9,12.8,60,286.9,24.7,2023-03-07 6:38:15,2023-03-07 18:36:08,0.5,"Rain, Partially cloudy",Partly cloudy throughout the day with rain.,rain
"Kano, Nigeria",2023-03-08,29.8,9,30.3,11.4,44.8,288.8,24.9,2023-03-08 6:37:41,2023-03-08 18:36:13,0.53,Partially cloudy,Clearing in the afternoon.,partly-cloudy-day
"Kano, Nigeria",2023-03-09,29.1,5.8,26.9,18.3,38,291.3,25.1,2023-03-09 6:37:06,2023-03-09 18:36:18,0.57,Partially cloudy,Partly cloudy throughout the day.,partly-cloudy-day
"Kano, Nigeria",2023-03-10,30.2,5.7,25.3,21.9,55,259.7,22.4,2023-03-10 6:36:31,2023-03-10 18:36:23,0.6,Partially cloudy,Partly cloudy throughout the day.,partly-cloudy-day
"Kano, Nigeria",2023-03-11,28.7,4.3,24.7,19.7,48.6,291.4,25.1,2023-03-11 6:35:55,2023-03-11 18:36:27,0.64,Partially cloudy,Partly cloudy throughout the day.,partly-cloudy-day
"Kano, Nigeria",2023-03-12,26.1,3,27,20.8,71.3,249,21.5,2023-03-12 6:35:19,2023-03-12 18:36:31,0.67,Partially cloudy,Partly cloudy throughout the day.,partly-cloudy-day
"Kano, Nigeria",2023-03-13,26.1,3.6,25.9,13.9,61.4,273.2,23.7,2023-03-13 6:34:43,2023-03-13 18:36:35,0.71,Partially cloudy,Partly cloudy throughout the day.,partly-cloudy-day
"Kano, Nigeria",2023-03-14,25.8,5,32.9,15,16.8,309.4,26.8,2023-03-14 6:34:07,2023-03-14 18:36:38,0.74,Clear,Clear conditions throughout the day.,clear-day
"Kano, Nigeria",2023-03-15,26.1,4.5,29.3,12.8,18.4,310.2,26.7,2023-03-15 6:33:30,2023-03-15 18:36:42,0.75,Clear,Clear conditions throughout the day.,clear-day
"Kano, Nigeria",2023-03-16,26.5,2.2,25.2,15,16.4,311.7,26.9,2023-03-16 6:32:53,2023-03-16 18:36:45,0.81,Rain,Clear conditions throughout the day with afternoon rain.,rain
"Kano, Nigeria",2023-03-17,26.6,2.7,25.2,15.3,16.5,314,27,2023-03-17 6:32:16,2023-03-17 18:36:48,0.85,Clear,Clear conditions throughout the day.,clear-day
"Kano, Nigeria",2023-03-18,26.4,3.4,25.7,11.4,52.2,313.4,27,2023-03-18 6:31:38,2023-03-18 18:36:51,0.88,Partially cloudy,Partly cloudy throughout the day.,partly-cloudy-day
"Kano, Nigeria",2023-03-19,28.1,7,29,20.1,80.7,289.3,25,2023-03-19 6:31:01,2023-03-19 18:36:53,0.92,Partially cloudy,Partly cloudy throughout the day.,partly-cloudy-day
"Kano, Nigeria",2023-03-20,30,16.4,45.5,13.9,63.5,197.1,17,2023-03-20 6:30:23,2023-03-20 18:36:55,0.96,Partially cloudy,Partly cloudy throughout the day.,partly-cloudy-day
"Kano, Nigeria",2023-03-21,26.2,16.9,57.2,21.9,72.6,173.7,15.1,2023-03-21 6:29:45,2023-03-21 18:36:58,0,Partially cloudy,Partly cloudy throughout the day.,partly-cloudy-day
"Kano, Nigeria",2023-03-22,29,17.5,54.2,13.9,60,276,23.9,2023-03-22 6:29:07,2023-03-22 18:37:00,0.02,Partially cloudy,Partly cloudy throughout the day.,partly-cloudy-day
"Kano, Nigeria",2023-03-23,29.8,13.9,42.3,13.9,29.1,288,24.8,2023-03-23 6:28:29,2023-03-23 18:37:02,0.06,Partially cloudy,Partly cloudy throughout the day.,partly-cloudy-day
"Kano, Nigeria",2023-03-24,28.9,7.5,28.6,12.8,75.8,287.5,24.7,2023-03-24 6:27:51,2023-03-24 18:37:04,0.09,Partially cloudy,Partly cloudy throughout the day.,partly-cloudy-day
"Kano, Nigeria",2023-03-25,29.1,4.7,22.7,15,52.8,304.5,26.3,2023-03-25 6:27:13,2023-03-25 18:37:06,0.12,Partially cloudy,Partly cloudy throughout the day.,partly-cloudy-day
"Kano, Nigeria",2023-03-26,28.2,4.7,24.4,13.9,41.1,308.3,26.7,2023-03-26 6:26:35,2023-03-26 18:37:08,0.15,"Rain, Partially cloudy",Partly cloudy throughout the day with afternoon rain.,rain
"Kano, Nigeria",2023-03-27,28.4,4.9,26.2,23,24.8,306.3,26.6,2023-03-27 6:25:57,2023-03-27 18:37:10,0.19,Partially cloudy,Partly cloudy throughout the day.,partly-cloudy-day
"Kano, Nigeria",2023-03-28,28.4,3.8,24.4,16.1,22.5,310.8,26.8,2023-03-28 6:25:18,2023-03-28 18:37:12,0.22,Partially cloudy,Partly cloudy throughout the day.,partly-cloudy-day
"Kano, Nigeria",2023-03-29,26.6,4.2,28.2,16.1,32.5,315.3,27.1,2023-03-29 6:24:40,2023-03-29 18:37:14,0.25,Partially cloudy,Partly cloudy throughout the day.,partly-cloudy-day
"Kano, Nigeria",2023-03-30,27.5,3.1,24.4,18.3,59.6,294.1,25.5,2023-03-30 6:24:02,2023-03-30 18:37:16,0.28,Partially cloudy,Partly cloudy throughout the day.,partly-cloudy-day
"Kano, Nigeria",2023-03-31,27.4,3.7,24.4,15,46,305,26.3,2023-03-31 6:23:25,2023-03-31 18:37:18,0.31,"Rain, Partially cloudy",Partly cloudy throughout the day with afternoon rain.,rain
"Kano, Nigeria",2023-04-01,28.5,2.3,20.4,21.9,46.5,315.4,27.2,2023-04-01 6:22:47,2023-04-01 18:37:20,0.35,Partially cloudy,Partly cloudy throughout the day.,partly-cloudy-day
"Kano, Nigeria",2023-04-02,27.4,3.5,24.7,17.4,24.2,315.4,27.2,2023-04-02 6:22:09,2023-04-02 18:37:22,0.38,Partially cloudy,Partly cloudy throughout the day.,partly-cloudy-day
"Kano, Nigeria",2023-04-03,27.6,3.5,25.7,11.4,29.7,315.4,27.2,2023-04-03 6:21:32,2023-04-03 18:37:24,0.41,Partially cloudy,Partly cloudy throughout the day.,partly-cloudy-day
"Kano, Nigeria",2023-04-04,28.3,2.5,21.6,12.8,77.7,280.1,24.3,2023-04-04 6:20:55,2023-04-04 18:37:26,0.44,Partially cloudy,Partly cloudy throughout the day.,partly-cloudy-day
"Kano, Nigeria",2023-04-05,28.7,3.7,24,10.3,49.7,316.9,27.3,2023-04-05 6:20:18,2023-04-05 18:37:29,0.48,"Rain, Partially cloudy",Partly cloudy throughout the day with afternoon rain.,rain
"Kano, Nigeria",2023-04-06,30.2,5.1,23.6,17.2,50.8,319,27.7,2023-04-06 6:19:41,2023-04-06 18:37:31,0.5,Partially cloudy,Partly cloudy throughout the day.,partly-cloudy-day
"Kano, Nigeria",2023-04-07,31.5,8.2,25.5,10.3,52.2,315.8,27.3,2023-04-07 6:19:05,2023-04-07 18:37:34,0.55,"Rain, Partially cloudy",Partly cloudy throughout the day with early morning rain.,rain
"Kano, Nigeria",2023-04-08,33.3,15.9,37,22.1,71.9,281.1,24.3,2023-04-08 6:18:28,2023-04-08 18:37:37,0.58,Partially cloudy,Partly cloudy throughout the day.,partly-cloudy-day
"Kano, Nigeria",2023-04-09,32.8,12.8,36.3,16.1,54,310.4,26.9,2023-04-09 6:17:52,2023-04-09 18:37:40,0.62,Partially cloudy,Partly cloudy throughout the day.,partly-cloudy-day
"Kano, Nigeria",2023-04-10,31.6,13.8,37.2,15,78.7,273.3,23.5,2023-04-10 6:17:17,2023-04-10 18:37:43,0.65,Partially cloudy,Partly cloudy throughout the day.,partly-cloudy-day
"Kano, Nigeria",2023-04-11,31.8,12.7,33.5,13.9,73.8,304.2,26.3,2023-04-11 6:16:42,2023-04-11 18:37:46,0.69,Partially cloudy,Partly cloudy throughout the day.,partly-cloudy-day
"Kano, Nigeria",2023-04-12,30.6,7.8,27,18.8,43.7,317.1,27.4,2023-04-12 6:16:07,2023-04-12 18:37:50,0.72,Partially cloudy,Partly cloudy throughout the day.,partly-cloudy-day
"Kano, Nigeria",2023-04-13,29.2,7.3,27.8,15,35.4,319.8,27.6,2023-04-13 6:15:32,2023-04-13 18:37:54,0.75,Partially cloudy,Partly cloudy throughout the day.,partly-cloudy-day
"Kano, Nigeria",2023-04-14,30.9,7,25,15.3,26,311.9,27,2023-04-14 6:14:58,2023-04-14 18:37:58,0.8,Partially cloudy,Clearing in the afternoon.,partly-cloudy-day
"Kano, Nigeria",2023-04-15,30.2,7.5,27.1,11.4,46.1,302.9,26,2023-04-15 6:14:24,2023-04-15 18:38:02,0.83,Partially cloudy,Partly cloudy throughout the day.,partly-cloudy-day
"Kano, Nigeria",2023-04-16,30.6,9.9,30.4,11.4,53.5,309.2,26.7,2023-04-16 6:13:51,2023-04-16 18:38:07,0.87,Partially cloudy,Partly cloudy throughout the day.,partly-cloudy-day
"Kano, Nigeria",2023-04-17,31.1,16,41.9,11.4,70.4,293.6,25.4,2023-04-17 6:13:19,2023-04-17 18:38:12,0.9,Partially cloudy,Partly cloudy throughout the day.,partly-cloudy-day
"Kano, Nigeria",2023-04-18,33.8,16.9,38.9,13.9,45.3,281.3,24.3,2023-04-18 6:12:46,2023-04-18 18:38:17,0.94,Partially cloudy,Partly cloudy throughout the day.,partly-cloudy-day
"Kano, Nigeria",2023-04-19,33.7,16.2,38.7,15.3,55,297,25.6,2023-04-19 6:12:14,2023-04-19 18:38:22,0.97,Partially cloudy,Partly cloudy throughout the day.,partly-cloudy-day
"Kano, Nigeria",2023-04-20,33.2,16.6,39.5,18.3,49.5,291.3,25.2,2023-04-20 6:11:43,2023-04-20 18:38:28,0,Partially cloudy,Partly cloudy throughout the day.,partly-cloudy-day
"Kano, Nigeria",2023-04-21,32.9,17.7,42.3,35.8,55.2,270.3,23.2,2023-04-21 6:11:12,2023-04-21 18:38:34,0.04,Partially cloudy,Partly cloudy throughout the day.,wind
"Kano, Nigeria",2023-04-22,33.4,17.8,43.6,17.2,55,296.8,25.6,2023-04-22 6:10:42,2023-04-22 18:38:40,0.07,Partially cloudy,Partly cloudy throughout the day.,partly-cloudy-day
"Kano, Nigeria",2023-04-23,32,19.5,48.7,21.9,56.3,282.2,24.3,2023-04-23 6:10:13,2023-04-23 18:38:47,0.11,Partially cloudy,Partly cloudy throughout the day.,partly-cloudy-day
"Kano, Nigeria",2023-04-24,26.5,20.4,70.2,17.2,60.6,200.5,17.4,2023-04-24 6:09:44,2023-04-24 18:38:54,0.14,Partially cloudy,Partly cloudy throughout the day.,partly-cloudy-day
"Kano, Nigeria",2023-04-25,31.1,19,54.7,12.8,58.7,270.8,23.2,2023-04-25 6:09:15,2023-04-25 18:39:01,0.17,Partially cloudy,Partly cloudy throughout the day.,partly-cloudy-day
"Kano, Nigeria",2023-04-26,32,18.9,51.3,26.4,60.4,292.5,25.4,2023-04-26 6:08:48,2023-04-26 18:39:09,0.2,"Rain, Partially cloudy",Partly cloudy throughout the day with afternoon rain.,rain
"Kano, Nigeria",2023-04-27,31.3,17.1,44.8,18.8,72.7,277.6,24,2023-04-27 6:08:20,2023-04-27 18:39:17,0.25,Partially cloudy,Partly cloudy throughout the day.,partly-cloudy-day
"Kano, Nigeria",2023-04-28,31.4,18.9,49.6,17.2,75.8,262.1,22.4,2023-04-28 6:07:54,2023-04-28 18:39:25,0.27,Partially cloudy,Partly cloudy throughout the day.,partly-cloudy-day
"Kano, Nigeria",2023-04-29,30.8,16.9,44.2,20.8,65.8,270.7,23.3,2023-04-29 6:07:28,2023-04-29 18:39:34,0.3,Partially cloudy,Partly cloudy throughout the day.,partly-cloudy-day
"Kano, Nigeria",2023-04-30,30.1,15.4,43.6,20.8,59.8,294.7,25.6,2023-04-30 6:07:03,2023-04-30 18:39:43,0.33,Partially cloudy,Partly cloudy throughout the day.,partly-cloudy-day
"Kano, Nigeria",2023-05-01,31.5,16.4,43.5,11.4,32,295.7,25.7,2023-05-01 6:06:38,2023-05-01 18:39:52,0.36,"Rain, Partially cloudy",Partly cloudy throughout the day with afternoon rain.,rain
"Kano, Nigeria",2023-05-02,32.1,15.1,38.4,12.8,35.3,306.1,26.6,2023-05-02 6:06:15,2023-05-02 18:40:02,0.39,Partially cloudy,Partly cloudy throughout the day.,partly-cloudy-day
"Kano, Nigeria",2023-05-03,32.9,15.2,37.4,15,35.6,296.6,25.6,2023-05-03 6:05:52,2023-05-03 18:40:12,0.43,"Rain, Partially cloudy",Partly cloudy throughout the day with morning rain.,rain
"Kano, Nigeria",2023-05-04,33.2,13.5,33.7,23.8,27,301.9,26.3,2023-05-04 6:05:29,2023-05-04 18:40:23,0.46,"Rain, Partially cloudy",Partly cloudy throughout the day with afternoon rain.,rain
"Kano, Nigeria",2023-05-05,32.6,15.6,37,15.3,50.4,266.3,23.1,2023-05-05 6:05:08,2023-05-05 18:40:34,0.5,"Rain, Partially cloudy",Partly cloudy throughout the day with early morning rain.,rain
"Kano, Nigeria",2023-05-06,32.9,15.5,37.5,18.3,53.9,281.8,24.3,2023-05-06 6:04:47,2023-05-06 18:40:45,0.53,Partially cloudy,Partly cloudy throughout the day.,partly-cloudy-day
"Kano, Nigeria",2023-05-07,33.4,12.7,35.5,23.8,48,320.8,27.6,2023-05-07 6:04:27,2023-05-07 18:40:56,0.56,"Rain, Partially cloudy",Partly cloudy throughout the day with late afternoon rain.,rain
"Kano, Nigeria",2023-05-08,32.2,11,31.5,10.2,30.9,315.4,27.2,2023-05-08 6:04:08,2023-05-08 18:41:08,0.6,Partially cloudy,Partly cloudy throughout the day.,partly-cloudy-day
"Kano, Nigeria",2023-05-09,32.4,12.2,32.3,16.1,60.1,316.8,27.4,2023-05-09 6:03:49,2023-05-09 18:41:20,0.63,Partially cloudy,Partly cloudy throughout the day.,partly-cloudy-day
"Kano, Nigeria",2023-05-10,32.3,14,34.3,17.2,69,312.6,27,2023-05-10 6:03:32,2023-05-10 18:41:33,0.67,Partially cloudy,Partly cloudy throughout the day.,partly-cloudy-day
"Kano, Nigeria",2023-05-11,32.2,19.5,47.8,38.2,68.8,278.3,24,2023-05-11 6:03:15,2023-05-11 18:41:46,0.71,Partially cloudy,Partly cloudy throughout the day.,wind
"Kano, Nigeria",2023-05-12,30.9,19.6,51.9,12.8,70.9,269.6,23.3,2023-05-12 6:02:59,2023-05-12 18:41:59,0.75,"Rain, Partially cloudy",Partly cloudy throughout the day with afternoon rain.,rain
"Kano, Nigeria",2023-05-13,33.7,16.9,41.2,15,50.4,304.5,26.4,2023-05-13 6:02:44,2023-05-13 18:42:13,0.78,"Rain, Partially cloudy",Partly cloudy throughout the day with early morning rain.,rain
"Kano, Nigeria",2023-05-14,35.1,14.9,33,11.4,73.9,291.7,25.3,2023-05-14 6:02:29,2023-05-14 18:42:27,0.81,"Rain, Partially cloudy",Partly cloudy throughout the day with late afternoon rain.,rain
"Kano, Nigeria",2023-05-15,33.5,17.7,42,22.1,62.4,283.8,24.5,2023-05-15 6:02:16,2023-05-15 18:42:41,0.85,Partially cloudy,Partly cloudy throughout the day.,partly-cloudy-day
"Kano, Nigeria",2023-05-16,32.3,20.3,51,20.1,59.7,293.9,25.5,2023-05-16 6:02:03,2023-05-16 18:42:55,0.88,Partially cloudy,Clearing in the afternoon.,partly-cloudy-day
"Kano, Nigeria",2023-05-17,32.8,20.1,49.2,20.4,47.3,283,24.4,2023-05-17 6:01:51,2023-05-17 18:43:10,0.92,Partially cloudy,Partly cloudy throughout the day.,partly-cloudy-day
"Kano, Nigeria",2023-05-18,31.8,20.1,53.6,12.8,84.8,275.5,23.9,2023-05-18 6:01:40,2023-05-18 18:43:25,0.96,"Rain, Partially cloudy",Partly cloudy throughout the day with late afternoon rain.,rain
"Kano, Nigeria",2023-05-19,33.5,19.7,47.2,16.1,51.2,286.2,24.7,2023-05-19 6:01:30,2023-05-19 18:43:40,0,Partially cloudy,Partly cloudy throughout the day.,partly-cloudy-day
"Kano, Nigeria",2023-05-20,32.2,19.8,50.3,15,56,200.1,17.4,2023-05-20 6:01:20,2023-05-20 18:43:56,0.03,Partially cloudy,Partly cloudy throughout the day.,partly-cloudy-day
"Kano, Nigeria",2023-05-21,30.5,21.4,61.5,17.2,72.5,272.7,23.6,2023-05-21 6:01:12,2023-05-21 18:44:12,0.06,"Rain, Partially cloudy",Partly cloudy throughout the day with afternoon rain.,rain
"Kano, Nigeria",2023-05-22,29.7,22.5,67.5,13.9,59.7,240.4,20.8,2023-05-22 6:01:04,2023-05-22 18:44:28,0.09,Partially cloudy,Partly cloudy throughout the day.,partly-cloudy-day
"Kano, Nigeria",2023-05-23,32,22.5,59.1,19.7,51.7,293.3,25.3,2023-05-23 6:00:57,2023-05-23 18:44:44,0.12,Partially cloudy,Partly cloudy throughout the day.,partly-cloudy-day
"Kano, Nigeria",2023-05-24,32.1,20.8,53,34,45.3,281.7,24.3,2023-05-24 6:00:51,2023-05-24 18:45:01,0.15,Partially cloudy,Partly cloudy throughout the day.,wind
"Kano, Nigeria",2023-05-25,32.5,21.3,53.8,17.2,43.4,292.5,25.4,2023-05-25 6:00:46,2023-05-25 18:45:17,0.19,Partially cloudy,Partly cloudy throughout the day.,partly-cloudy-day
"Kano, Nigeria",2023-05-26,32.3,21.6,55,18.3,30,285.2,24.6,2023-05-26 6:00:41,2023-05-26 18:45:34,0.22,Partially cloudy,Partly cloudy throughout the day.,partly-cloudy-day
"Kano, Nigeria",2023-05-27,32,20.6,51.7,18.8,50.3,300.5,26,2023-05-27 6:00:38,2023-05-27 18:45:51,0.25,Partially cloudy,Partly cloudy throughout the day.,partly-cloudy-day
"Kano, Nigeria",2023-05-28,32.2,21.2,54,17.2,52.2,303.7,26.1,2023-05-28 6:00:35,2023-05-28 18:46:08,0.28,Partially cloudy,Partly cloudy throughout the day.,partly-cloudy-day
"Kano, Nigeria",2023-05-29,32.2,21.5,54.3,18.3,60.5,289.8,25.1,2023-05-29 6:00:33,2023-05-29 18:46:25,0.32,Partially cloudy,Partly cloudy throughout the day.,partly-cloudy-day
"Kano, Nigeria",2023-05-30,33,21.3,53.8,16.1,47.3,296.1,25.6,2023-05-30 6:00:32,2023-05-30 18:46:42,0.35,Partially cloudy,Partly cloudy throughout the day.,partly-cloudy-day
"Kano, Nigeria",2023-05-31,30.2,22.2,63.7,23,56.7,284.9,24.6,2023-05-31 6:00:31,2023-05-31 18:46:59,0.38,"Rain, Partially cloudy",Partly cloudy throughout the day with late afternoon rain.,rain
"Kano, Nigeria",2023-06-01,30.7,21.3,60.7,13.9,40.4,273.5,23.7,2023-06-01 6:00:32,2023-06-01 18:47:17,0.41,Partially cloudy,Partly cloudy throughout the day.,partly-cloudy-day
"Kano, Nigeria",2023-06-02,31.2,22.1,60.5,26.4,41.8,277.7,24,2023-06-02 6:00:33,2023-06-02 18:47:34,0.45,Partially cloudy,Partly cloudy throughout the day.,partly-cloudy-day
"Kano, Nigeria",2023-06-03,28.8,22,69.4,24.2,50,284.7,24.6,2023-06-03 6:00:35,2023-06-03 18:47:51,0.48,"Rain, Partially cloudy",Partly cloudy throughout the day with early morning rain.,rain
"Kano, Nigeria",2023-06-04,29.3,21.4,64.6,13.9,47,217.3,18.7,2023-06-04 6:00:37,2023-06-04 18:48:09,0.5,"Rain, Partially cloudy",Partly cloudy throughout the day with late afternoon rain.,rain
"Kano, Nigeria",2023-06-05,31.4,22.4,61.4,19.7,41.8,290.8,25.2,2023-06-05 6:00:41,2023-06-05 18:48:26,0.55,Partially cloudy,Partly cloudy throughout the day.,partly-cloudy-day
"Kano, Nigeria",2023-06-06,30.9,20.9,57.3,13.6,48.4,270.8,23.4,2023-06-06 6:00:45,2023-06-06 18:48:43,0.58,Partially cloudy,Partly cloudy throughout the day.,partly-cloudy-day
"Kano, Nigeria",2023-06-07,26.8,22,76,18.3,57.3,247.1,21.2,2023-06-07 6:00:49,2023-06-07 18:49:00,0.62,"Rain, Partially cloudy",Clearing in the afternoon with late afternoon rain.,rain
"Kano, Nigeria",2023-06-08,26.7,22.4,78.2,17.6,70,245.5,21.1,2023-06-08 6:00:55,2023-06-08 18:49:17,0.65,Partially cloudy,Partly cloudy throughout the day.,partly-cloudy-day
"Kano, Nigeria",2023-06-09,28.5,22,69.4,22.4,46.7,284.4,24.5,2023-06-09 6:01:01,2023-06-09 18:49:34,0.69,Partially cloudy,Partly cloudy throughout the day.,partly-cloudy-day
"Kano, Nigeria",2023-06-10,26.2,20.8,74.1,34.4,52.3,223.8,19.4,2023-06-10 6:01:08,2023-06-10 18:49:51,0.75,"Rain, Partially cloudy",Partly cloudy throughout the day with morning rain.,rain
"Kano, Nigeria",2023-06-11,27,22.2,75.9,19.2,52.7,161.3,13.8,2023-06-11 6:01:15,2023-06-11 18:50:07,0.76,Partially cloudy,Partly cloudy throughout the day.,partly-cloudy-day
"Kano, Nigeria",2023-06-12,28.2,21.7,70,17,46.4,159.1,13.7,2023-06-12 6:01:23,2023-06-12 18:50:24,0.8,Partially cloudy,Partly cloudy throughout the day.,partly-cloudy-day
"Kano, Nigeria",2023-06-13,25.9,21.7,79.2,11.9,54.9,270,23.3,2023-06-13 6:01:32,2023-06-13 18:50:40,0.83,"Rain, Partially cloudy",Partly cloudy throughout the day with late afternoon rain.,rain
"Kano, Nigeria",2023-06-14,27.3,21.6,73.6,9.2,52.3,239.1,20.6,2023-06-14 6:01:41,2023-06-14 18:50:55,0.87,"Rain, Partially cloudy",Partly cloudy throughout the day with late afternoon rain.,rain
"Kano, Nigeria",2023-06-15,29.7,22,65,17.2,45.1,283.1,24.3,2023-06-15 6:01:51,2023-06-15 18:51:11,0.9,Partially cloudy,Partly cloudy throughout the day.,partly-cloudy-day
"Kano, Nigeria",2023-06-16,29.7,22.2,65.8,16.1,49.5,286.5,24.7,2023-06-16 6:02:01,2023-06-16 18:51:26,0.94,Partially cloudy,Partly cloudy throughout the day.,partly-cloudy-day
"Kano, Nigeria",2023-06-17,31.2,22.1,60.3,12.8,39.2,272.5,23.5,2023-06-17 6:02:12,2023-06-17 18:51:41,0.97,Partially cloudy,Partly cloudy throughout the day.,partly-cloudy-day
"Kano, Nigeria",2023-06-18,31.1,21.2,57.2,15,69.9,270.9,23.4,2023-06-18 6:02:23,2023-06-18 18:51:55,0,"Rain, Partially cloudy",Partly cloudy throughout the day with afternoon rain.,rain
"Kano, Nigeria",2023-06-19,29.3,22,66.8,16.1,61.7,282.9,24.5,2023-06-19 6:02:35,2023-06-19 18:52:09,0.04,Partially cloudy,Partly cloudy throughout the day.,partly-cloudy-day
"Kano, Nigeria",2023-06-20,28.1,22.1,70.8,15,39.5,292.1,25.3,2023-06-20 6:02:48,2023-06-20 18:52:23,0.07,Partially cloudy,Clearing in the afternoon.,partly-cloudy-day
"Kano, Nigeria",2023-06-21,28.1,20.8,66.1,21.9,75.2,278,24.1,2023-06-21 6:03:00,2023-06-21 18:52:36,0.11,"Rain, Partially cloudy",Partly cloudy throughout the day with late afternoon rain.,rain
"Kano, Nigeria",2023-06-22,27.4,21.8,72.8,13.4,58.3,265.7,22.9,2023-06-22 6:03:13,2023-06-22 18:52:49,0.14,"Rain, Partially cloudy",Partly cloudy throughout the day with early morning rain.,rain
"Kano, Nigeria",2023-06-23,26,21.5,77.5,18.3,58.1,275.5,24.1,2023-06-23 6:03:27,2023-06-23 18:53:01,0.17,Partially cloudy,Partly cloudy throughout the day.,partly-cloudy-day
"Kano, Nigeria",2023-06-24,26.4,21.8,77.2,10.3,44.2,261.5,22.6,2023-06-24 6:03:41,2023-06-24 18:53:13,0.2,Partially cloudy,Partly cloudy throughout the day.,partly-cloudy-day
"Kano, Nigeria",2023-06-25,26.2,21.9,78.9,20.8,53.6,262,22.7,2023-06-25 6:03:55,2023-06-25 18:53:24,0.24,Partially cloudy,Partly cloudy throughout the day.,partly-cloudy-day
"Kano, Nigeria",2023-06-26,26.3,22.3,79.7,10.3,47.3,211.3,18.2,2023-06-26 6:04:09,2023-06-26 18:53:35,0.25,"Rain, Partially cloudy",Partly cloudy throughout the day with morning rain.,rain
"Kano, Nigeria",2023-06-27,27.3,22.2,75,34,59.8,276.8,23.9,2023-06-27 6:04:24,2023-06-27 18:53:45,0.3,Partially cloudy,Partly cloudy throughout the day.,wind
"Kano, Nigeria",2023-06-28,27.1,21.4,73.2,18.8,47.9,276.1,23.8,2023-06-28 6:04:39,2023-06-28 18:53:55,0.34,"Rain, Partially cloudy",Partly cloudy throughout the day with early morning rain.,rain
"Kano, Nigeria",2023-06-29,27,22.4,76.9,13.6,45.8,273.1,23.5,2023-06-29 6:04:54,2023-06-29 18:54:04,0.37,"Rain, Partially cloudy",Partly cloudy throughout the day with early morning rain.,rain
"Kano, Nigeria",2023-06-30,29.7,22.7,68.5,13.9,54.7,275.8,23.7,2023-06-30 6:05:09,2023-06-30 18:54:12,0.4,Partially cloudy,Partly cloudy throughout the day.,partly-cloudy-day
"Kano, Nigeria",2023-07-01,30.1,22,63.6,13.9,55.5,288.4,24.9,2023-07-01 6:05:25,2023-07-01 18:54:20,0.43,Partially cloudy,Partly cloudy throughout the day.,partly-cloudy-day
"Kano, Nigeria",2023-07-02,27.3,21.6,72.7,20.8,48,282.3,24.3,2023-07-02 6:05:41,2023-07-02 18:54:27,0.47,Partially cloudy,Partly cloudy throughout the day.,partly-cloudy-day
"Kano, Nigeria",2023-07-03,29.1,23.5,73.2,13.6,44.4,283.2,24.5,2023-07-03 6:05:57,2023-07-03 18:54:33,0.5,Partially cloudy,Partly cloudy throughout the day.,partly-cloudy-day
"Kano, Nigeria",2023-07-04,26.5,21.5,75.8,20.8,63.4,227,19.6,2023-07-04 6:06:13,2023-07-04 18:54:39,0.53,"Rain, Partially cloudy",Partly cloudy throughout the day with early morning rain.,rain
"Kano, Nigeria",2023-07-05,27,22,75.5,13.6,58.1,291.8,25.2,2023-07-05 6:06:29,2023-07-05 18:54:43,0.57,Partially cloudy,Partly cloudy throughout the day.,partly-cloudy-day
"Kano, Nigeria",2023-07-06,27.9,22.4,72.6,11.4,36.5,291.9,25.3,2023-07-06 6:06:45,2023-07-06 18:54:48,0.6,Partially cloudy,Partly cloudy throughout the day.,partly-cloudy-day
"Kano, Nigeria",2023-07-07,28.3,23.2,74.6,23,66.6,242.1,20.8,2023-07-07 6:07:01,2023-07-07 18:54:51,0.64,Partially cloudy,Partly cloudy throughout the day.,partly-cloudy-day
"Kano, Nigeria",2023-07-08,26.7,21.9,76.5,13.6,64.9,270.2,23.3,2023-07-08 6:07:17,2023-07-08 18:54:54,0.67,"Rain, Partially cloudy",Partly cloudy throughout the day with early morning rain.,rain
"Kano, Nigeria",2023-07-09,25.9,23.3,86,11.4,63.5,183.4,15.8,2023-07-09 6:07:33,2023-07-09 18:54:55,0.71,Partially cloudy,Partly cloudy throughout the day.,partly-cloudy-day
"Kano, Nigeria",2023-07-10,26.7,22,77.5,11.4,31,284.6,24.4,2023-07-10 6:07:50,2023-07-10 18:54:56,0.75,Partially cloudy,Partly cloudy throughout the day.,partly-cloudy-day
"Kano, Nigeria",2023-07-11,28.2,23,74.6,15.3,56.2,284.5,24.5,2023-07-11 6:08:06,2023-07-11 18:54:57,0.78,Partially cloudy,Partly cloudy throughout the day.,partly-cloudy-day
"Kano, Nigeria",2023-07-12,26.6,22,78,23,61.5,285.2,24.6,2023-07-12 6:08:22,2023-07-12 18:54:56,0.81,"Rain, Partially cloudy",Partly cloudy throughout the day with a chance of rain throughout the day.,rain
"Kano, Nigeria",2023-07-13,26.1,22.5,81.7,17,55.2,257.2,22.2,2023-07-13 6:08:38,2023-07-13 18:54:55,0.85,"Rain, Partially cloudy",Partly cloudy throughout the day with early morning rain.,rain
"Kano, Nigeria",2023-07-14,25.1,21.8,82.5,11.4,48.2,269,23,2023-07-14 6:08:53,2023-07-14 18:54:52,0.88,"Rain, Partially cloudy",Partly cloudy throughout the day with afternoon rain.,rain
"Kano, Nigeria",2023-07-15,28,22.7,74.7,5.8,34,297.7,25.7,2023-07-15 6:09:09,2023-07-15 18:54:49,0.92,Partially cloudy,Partly cloudy throughout the day.,partly-cloudy-day
"Kano, Nigeria",2023-07-16,28.3,22.8,72.8,11.4,55.8,284.1,24.6,2023-07-16 6:09:25,2023-07-16 18:54:45,0.95,Partially cloudy,Partly cloudy throughout the day.,partly-cloudy-day
"Kano, Nigeria",2023-07-17,28.5,21.9,68.9,11.4,40,292,25.2,2023-07-17 6:09:40,2023-07-17 18:54:41,0,Partially cloudy,Partly cloudy throughout the day.,partly-cloudy-day
"Kano, Nigeria",2023-07-18,28.3,22.5,71.9,15.3,40.5,281.3,24.1,2023-07-18 6:09:55,2023-07-18 18:54:35,0.02,Partially cloudy,Partly cloudy throughout the day.,partly-cloudy-day
"Kano, Nigeria",2023-07-19,28.5,22.3,70.3,13.9,36.3,285.6,24.7,2023-07-19 6:10:10,2023-07-19 18:54:29,0.06,Partially cloudy,Partly cloudy throughout the day.,partly-cloudy-day
"Kano, Nigeria",2023-07-20,29.4,22.7,68.4,18.3,48.5,254.5,22.2,2023-07-20 6:10:25,2023-07-20 18:54:21,0.09,Partially cloudy,Partly cloudy throughout the day.,partly-cloudy-day
"Kano, Nigeria",2023-07-21,24.9,22.2,85.9,24.6,69.9,238.5,20.6,2023-07-21 6:10:39,2023-07-21 18:54:13,0.12,Partially cloudy,Partly cloudy throughout the day.,partly-cloudy-day
"Kano, Nigeria",2023-07-22,26.6,23,81.9,10.2,72.4,260.8,22.6,2023-07-22 6:10:54,2023-07-22 18:54:04,0.16,Partially cloudy,Partly cloudy throughout the day.,partly-cloudy-day
"Kano, Nigeria",2023-07-23,24.7,22.4,88.1,25.5,62.4,255.5,22.2,2023-07-23 6:11:07,2023-07-23 18:53:54,0.19,"Rain, Partially cloudy",Partly cloudy throughout the day with late afternoon rain.,rain
"Kano, Nigeria",2023-07-24,25.9,22.1,80.8,11.4,31.2,288.7,24.8,2023-07-24 6:11:21,2023-07-24 18:53:43,0.22,"Rain, Partially cloudy",Partly cloudy throughout the day with morning rain.,rain
"Kano, Nigeria",2023-07-25,27.5,23.3,78.7,10.5,33.4,295.5,25.5,2023-07-25 6:11:34,2023-07-25 18:53:31,0.25,"Rain, Partially cloudy",Partly cloudy throughout the day with afternoon rain.,rain
"Kano, Nigeria",2023-07-26,27.8,23.5,78.1,13.9,57.9,288.4,25,2023-07-26 6:11:48,2023-07-26 18:53:19,0.29,Partially cloudy,Partly cloudy throughout the day.,partly-cloudy-day
"Kano, Nigeria",2023-07-27,26.5,22.1,78,19.7,47.4,276.8,24.1,2023-07-27 6:12:00,2023-07-27 18:53:05,0.32,"Rain, Partially cloudy",Partly cloudy throughout the day with afternoon rain.,rain
"Kano, Nigeria",2023-07-28,27.1,22.2,75.9,12.8,75,272.5,23.4,2023-07-28 6:12:13,2023-07-28 18:52:51,0.36,"Rain, Partially cloudy",Partly cloudy throughout the day with late afternoon rain.,rain
"Kano, Nigeria",2023-07-29,27.2,22.1,74.8,11.4,71.2,283.9,24.5,2023-07-29 6:12:25,2023-07-29 18:52:36,0.39,Partially cloudy,Partly cloudy throughout the day.,partly-cloudy-day
"Kano, Nigeria",2023-07-30,28.7,23.4,73.8,13.6,39.9,275.7,23.8,2023-07-30 6:12:36,2023-07-30 18:52:19,0.42,"Rain, Partially cloudy",Partly cloudy throughout the day with afternoon rain.,rain
"Kano, Nigeria",2023-07-31,27.6,23.7,80.5,24.2,72.1,282.7,24.4,2023-07-31 6:12:48,2023-07-31 18:52:03,0.46,Partially cloudy,Partly cloudy throughout the day.,partly-cloudy-day
"Kano, Nigeria",2023-08-01,25.1,21.4,80.7,30.2,54.9,223.3,19.2,2023-08-01 6:12:59,2023-08-01 18:51:45,0.5,"Rain, Partially cloudy",Partly cloudy throughout the day with early morning rain.,rain
"Kano, Nigeria",2023-08-02,26.6,21.9,76.7,31.7,67,278.2,24,2023-08-02 6:13:09,2023-08-02 18:51:26,0.52,Partially cloudy,Partly cloudy throughout the day.,partly-cloudy-day
"Kano, Nigeria",2023-08-03,27,22.6,78.2,22.3,79.4,229.6,19.8,2023-08-03 6:13:20,2023-08-03 18:51:07,0.56,Partially cloudy,Partly cloudy throughout the day.,partly-cloudy-day
"Kano, Nigeria",2023-08-04,27.8,23.3,77.4,24.1,63,181.4,15.6,2023-08-04 6:13:29,2023-08-04 18:50:46,0.59,"Rain, Partially cloudy",Partly cloudy throughout the day with morning rain.,rain
"Kano, Nigeria",2023-08-05,26,23,84.4,27.7,71.2,236.9,20.3,2023-08-05 6:13:39,2023-08-05 18:50:25,0.63,Partially cloudy,Partly cloudy throughout the day.,partly-cloudy-day
"Kano, Nigeria",2023-08-06,24.1,21.8,88,18.4,65,122.4,10.5,2023-08-06 6:13:48,2023-08-06 18:50:03,0.66,"Rain, Partially cloudy",Partly cloudy throughout the day with morning rain.,rain
"Kano, Nigeria",2023-08-07,25.2,22.4,85.5,20.5,75.5,167.5,14.5,2023-08-07 6:13:57,2023-08-07 18:49:41,0.69,"Rain, Partially cloudy",Partly cloudy throughout the day with afternoon rain.,rain
"Kano, Nigeria",2023-08-08,26,22.3,80.7,27.7,63.6,204.8,17.8,2023-08-08 6:14:05,2023-08-08 18:49:17,0.75,"Rain, Partially cloudy",Partly cloudy throughout the day with morning rain.,rain
"Kano, Nigeria",2023-08-09,26.1,22.3,80.1,25.9,65.3,122.4,10.7,2023-08-09 6:14:13,2023-08-09 18:48:53,0.76,"Rain, Partially cloudy",Partly cloudy throughout the day with afternoon rain.,rain
"Kano, Nigeria",2023-08-10,23.6,21.9,90.4,20.5,78.2,128.9,11,2023-08-10 6:14:20,2023-08-10 18:48:28,0.8,"Rain, Partially cloudy",Partly cloudy throughout the day with rain.,rain
"Kano, Nigeria",2023-08-11,25.3,22.6,85.8,14.8,68.2,192.8,16.8,2023-08-11 6:14:27,2023-08-11 18:48:02,0.83,"Rain, Partially cloudy",Partly cloudy throughout the day with a chance of rain throughout the day.,rain
"Kano, Nigeria",2023-08-12,27,23.6,82.9,11.2,62.9,227.3,19.5,2023-08-12 6:14:34,2023-08-12 18:47:36,0.87,Partially cloudy,Partly cloudy throughout the day.,partly-cloudy-day
"Kano, Nigeria",2023-08-13,24.6,22,86.4,25.9,58.4,136.7,11.7,2023-08-13 6:14:41,2023-08-13 18:47:08,0.9,Partially cloudy,Partly cloudy throughout the day.,partly-cloudy-day
"Kano, Nigeria",2023-08-14,25.7,22.3,82.2,16.4,77,174,15.1,2023-08-14 6:14:46,2023-08-14 18:46:40,0.93,Partially cloudy,Partly cloudy throughout the day.,partly-cloudy-day
"Kano, Nigeria",2023-08-15,25.5,22.6,84.7,13,59.4,255.3,22,2023-08-15 6:14:52,2023-08-15 18:46:12,0.97,Partially cloudy,Partly cloudy throughout the day.,partly-cloudy-day
"Kano, Nigeria",2023-08-16,27,24.1,84.9,11.8,62.2,258.8,22.5,2023-08-16 6:14:57,2023-08-16 18:45:42,0,"Rain, Partially cloudy",Partly cloudy throughout the day with late afternoon rain.,rain
"Kano, Nigeria",2023-08-17,27.5,23.3,79.9,11.2,56.5,279,24,2023-08-17 6:15:02,2023-08-17 18:45:12,0.04,"Rain, Partially cloudy",Partly cloudy throughout the day with afternoon rain.,rain
"Kano, Nigeria",2023-08-18,26.7,22.8,80.6,18.4,52.7,291.5,25,2023-08-18 6:15:06,2023-08-18 18:44:42,0.07,Partially cloudy,Partly cloudy throughout the day.,partly-cloudy-day
"Kano, Nigeria",2023-08-19,26.8,22.7,79,25.9,77.5,285.8,24.7,2023-08-19 6:15:11,2023-08-19 18:44:11,0.1,Partially cloudy,Partly cloudy throughout the day.,partly-cloudy-day
"Kano, Nigeria",2023-08-20,26.1,22.6,82.1,14.8,58.3,130.9,11.3,2023-08-20 6:15:14,2023-08-20 18:43:39,0.14,"Rain, Partially cloudy",Partly cloudy throughout the day with early morning rain.,rain
"Kano, Nigeria",2023-08-21,27,23.5,82.7,16.6,65.5,266.9,23,2023-08-21 6:15:18,2023-08-21 18:43:06,0.17,Partially cloudy,Partly cloudy throughout the day.,partly-cloudy-day
"Kano, Nigeria",2023-08-22,29.3,24.4,77.2,14.8,55.2,294.4,25.5,2023-08-22 6:15:21,2023-08-22 18:42:33,0.21,Partially cloudy,Partly cloudy throughout the day.,partly-cloudy-day
"Kano, Nigeria",2023-08-23,28.3,23.4,75.1,20.5,56.2,286.1,24.8,2023-08-23 6:15:23,2023-08-23 18:42:00,0.24,Partially cloudy,Partly cloudy throughout the day.,partly-cloudy-day
"Kano, Nigeria",2023-08-24,23.3,20.8,87.2,31.7,70.3,236.8,20.5,2023-08-24 6:15:26,2023-08-24 18:41:25,0.25,"Rain, Partially cloudy",Partly cloudy throughout the day with late afternoon rain.,rain
"Kano, Nigeria",2023-08-25,25.1,21.9,83,16.4,69,133.9,11.6,2023-08-25 6:15:28,2023-08-25 18:40:51,0.31,"Rain, Partially cloudy",Partly cloudy throughout the day with afternoon rain.,rain
"Kano, Nigeria",2023-08-26,27.5,22.9,77.7,13,73.1,269.1,23.4,2023-08-26 6:15:30,2023-08-26 18:40:16,0.34,Partially cloudy,Partly cloudy throughout the day.,partly-cloudy-day
"Kano, Nigeria",2023-08-27,23.2,22.1,93.6,29,75.1,148.7,12.9,2023-08-27 6:15:31,2023-08-27 18:39:40,0.38,"Rain, Partially cloudy",Partly cloudy throughout the day with morning rain.,rain
"Kano, Nigeria",2023-08-28,26.2,22.7,82.7,24.6,51.7,296.6,25.6,2023-08-28 6:15:32,2023-08-28 18:39:04,0.41,Partially cloudy,Partly cloudy throughout the day.,partly-cloudy-day
"Kano, Nigeria",2023-08-29,28,24,80,28.4,40.9,299,26,2023-08-29 6:15:33,2023-08-29 18:38:27,0.45,"Rain, Partially cloudy",Partly cloudy throughout the day with late afternoon rain.,rain
"Kano, Nigeria",2023-08-30,25.1,22.5,86,18.4,69.8,192.7,16.8,2023-08-30 6:15:34,2023-08-30 18:37:50,0.48,"Rain, Partially cloudy",Partly cloudy throughout the day with a chance of rain throughout the day.,rain
"Kano, Nigeria",2023-08-31,27.6,23.6,79.9,18.4,58,287.9,24.9,2023-08-31 6:15:34,2023-08-31 18:37:13,0.5,"Rain, Partially cloudy",Partly cloudy throughout the day with early morning rain.,rain
"Kano, Nigeria",2023-09-01,25.8,22.4,81.9,37.1,68.3,273.4,23.8,2023-09-01 6:15:35,2023-09-01 18:36:35,0.55,"Rain, Partially cloudy",Partly cloudy throughout the day with rain.,rain
"Kano, Nigeria",2023-09-02,26.4,21.4,75.1,22.3,62.7,232.6,20.1,2023-09-02 6:15:34,2023-09-02 18:35:57,0.58,"Rain, Partially cloudy",Partly cloudy throughout the day with rain.,rain
"Kano, Nigeria",2023-09-03,27.7,22.7,75.7,14.8,57.3,268.7,23.2,2023-09-03 6:15:34,2023-09-03 18:35:18,0.61,Partially cloudy,Partly cloudy throughout the day.,partly-cloudy-day
"Kano, Nigeria",2023-09-04,24.9,22.2,85.8,40.7,84.2,175.3,15.1,2023-09-04 6:15:34,2023-09-04 18:34:40,0.65,"Rain, Partially cloudy",Partly cloudy throughout the day with early morning rain.,rain
"Kano, Nigeria",2023-09-05,26.9,22.9,79.6,18.4,60.4,272,23.5,2023-09-05 6:15:33,2023-09-05 18:34:01,0.68,Partially cloudy,Partly cloudy throughout the day.,partly-cloudy-day
"Kano, Nigeria",2023-09-06,28.3,23.5,76.9,18.4,52.1,300.6,26.1,2023-09-06 6:15:32,2023-09-06 18:33:21,0.75,"Rain, Partially cloudy",Partly cloudy throughout the day with morning rain.,rain
"Kano, Nigeria",2023-09-07,27.2,23.7,82.2,18.4,55.1,285.3,24.7,2023-09-07 6:15:31,2023-09-07 18:32:41,0.75,"Rain, Partially cloudy",Partly cloudy throughout the day with rain.,rain
"Kano, Nigeria",2023-09-08,27.4,23.3,80.1,11.2,80,265.6,22.9,2023-09-08 6:15:30,2023-09-08 18:32:01,0.78,"Rain, Partially cloudy",Partly cloudy throughout the day with rain.,rain
"Kano, Nigeria",2023-09-09,25.2,21.5,80.7,24.1,68.3,278.8,23.8,2023-09-09 6:15:29,2023-09-09 18:31:21,0.81,Partially cloudy,Partly cloudy throughout the day.,partly-cloudy-day
"Kano, Nigeria",2023-09-10,27.2,23.1,79.7,16.6,29.7,299.9,26,2023-09-10 6:15:28,2023-09-10 18:30:41,0.85,"Rain, Partially cloudy",Partly cloudy throughout the day with early morning rain.,rain
"Kano, Nigeria",2023-09-11,28.4,24.2,79.2,24.1,35.6,296.1,25.7,2023-09-11 6:15:26,2023-09-11 18:30:00,0.88,"Rain, Partially cloudy",Partly cloudy throughout the day with late afternoon rain.,rain
"Kano, Nigeria",2023-09-12,27.5,22.8,76.5,18.4,74.1,237.5,20.6,2023-09-12 6:15:25,2023-09-12 18:29:20,0.91,"Rain, Partially cloudy",Partly cloudy throughout the day with rain.,rain
"Kano, Nigeria",2023-09-13,27.7,23.3,78.2,16.6,57.6,282.6,24.5,2023-09-13 6:15:23,2023-09-13 18:28:39,0.95,"Rain, Partially cloudy",Partly cloudy throughout the day with rain.,rain
"Kano, Nigeria",2023-09-14,27,23.7,83.3,16.6,87.5,231.1,19.9,2023-09-14 6:15:21,2023-09-14 18:27:58,0.98,"Rain, Partially cloudy",Partly cloudy throughout the day with rain.,rain
"Kano, Nigeria",2023-09-15,26.1,22.6,82.6,12.2,87.7,208.8,18,2023-09-15 6:15:20,2023-09-15 18:27:17,0,Partially cloudy,Partly cloudy throughout the day.,partly-cloudy-day
"Kano, Nigeria",2023-09-16,27.2,23.3,80.5,14.8,78.7,250,21.6,2023-09-16 6:15:18,2023-09-16 18:26:36,0.05,"Rain, Partially cloudy",Partly cloudy throughout the day with rain.,rain
"Kano, Nigeria",2023-09-17,27,23.2,80.5,18.4,68.2,238.3,20.6,2023-09-17 6:15:16,2023-09-17 18:25:55,0.08,"Rain, Partially cloudy",Partly cloudy throughout the day with rain.,rain
"Kano, Nigeria",2023-09-18,26.3,22.1,79.4,27.7,38,276.8,23.7,2023-09-18 6:15:15,2023-09-18 18:25:14,0.12,"Rain, Partially cloudy",Partly cloudy throughout the day with rain.,rain
"Kano, Nigeria",2023-09-19,27.3,23,78.5,9.4,44.1,266,23,2023-09-19 6:15:13,2023-09-19 18:24:33,0.15,"Rain, Partially cloudy",Partly cloudy throughout the day with rain.,rain
"Kano, Nigeria",2023-09-20,27.9,22.4,74.4,14.8,60.7,210.8,18.1,2023-09-20 6:15:11,2023-09-20 18:23:51,0.19,"Rain, Partially cloudy",Partly cloudy throughout the day with rain clearing later.,rain
"Kano, Nigeria",2023-09-21,28.3,22.7,73.3,13,71.7,274,23.8,2023-09-21 6:15:10,2023-09-21 18:23:10,0.22,"Rain, Partially cloudy",Partly cloudy throughout the day with late afternoon rain.,rain
"Kano, Nigeria",2023-09-22,28.1,22.1,71.2,18.4,75.3,276.9,23.9,2023-09-22 6:15:08,2023-09-22 18:22:29,0.25,Partially cloudy,Partly cloudy throughout the day.,partly-cloudy-day
"Kano, Nigeria",2023-09-23,27.9,23,75.7,14.8,77.3,258,22.2,2023-09-23 6:15:07,2023-09-23 18:21:48,0.29,"Rain, Partially cloudy",Partly cloudy throughout the day with late afternoon rain.,rain
"Kano, Nigeria",2023-09-24,27.3,21.8,73.7,16.6,78.8,211.9,18.4,2023-09-24 6:15:06,2023-09-24 18:21:08,0.33,Partially cloudy,Partly cloudy throughout the day.,partly-cloudy-day
"Kano, Nigeria",2023-09-25,28.5,23.5,75.4,18.4,70.4,269.5,23.3,2023-09-25 6:15:05,2023-09-25 18:20:27,0.36,"Rain, Partially cloudy",Partly cloudy throughout the day with rain.,rain
"Kano, Nigeria",2023-09-26,28.4,22.8,73.8,18.4,52.7,282.2,24.4,2023-09-26 6:15:04,2023-09-26 18:19:46,0.4,Partially cloudy,Partly cloudy throughout the day.,partly-cloudy-day
"Kano, Nigeria",2023-09-27,28.8,23.2,73.4,20.5,22.5,290.9,25.1,2023-09-27 6:15:03,2023-09-27 18:19:06,0.43,Partially cloudy,Partly cloudy throughout the day.,partly-cloudy-day
"Kano, Nigeria",2023-09-28,27.9,21.8,70.8,29.5,48.9,283.2,24.6,2023-09-28 6:15:02,2023-09-28 18:18:26,0.47,Partially cloudy,Partly cloudy throughout the day.,partly-cloudy-day
"Kano, Nigeria",2023-09-29,26.6,21.7,75.6,27.3,56,198.3,17.2,2023-09-29 6:15:02,2023-09-29 18:17:46,0.5,Partially cloudy,Partly cloudy throughout the day.,partly-cloudy-day
"Kano, Nigeria",2023-09-30,26.4,22.9,82.4,14.8,74.4,246.1,21.2,2023-09-30 6:15:02,2023-09-30 18:17:06,0.53,"Rain, Partially cloudy",Partly cloudy throughout the day with afternoon rain.,rain
"Kano, Nigeria",2023-10-01,24.2,22.4,90.2,32.9,70.2,142.2,12.2,2023-10-01 6:15:02,2023-10-01 18:16:27,0.57,"Rain, Partially cloudy",Partly cloudy throughout the day with rain clearing later.,rain
"Kano, Nigeria",2023-10-02,24.3,22.3,89.7,22.3,72,151.8,13.2,2023-10-02 6:15:02,2023-10-02 18:15:48,0.6,"Rain, Partially cloudy",Partly cloudy throughout the day with late afternoon rain.,rain
"Kano, Nigeria",2023-10-03,26.4,21.9,78.8,18.4,47.2,226.3,19.3,2023-10-03 6:15:02,2023-10-03 18:15:09,0.63,Partially cloudy,Partly cloudy throughout the day.,partly-cloudy-day
"Kano, Nigeria",2023-10-04,26.5,21.3,75.1,20.5,22.1,281,24.3,2023-10-04 6:15:03,2023-10-04 18:14:31,0.66,Partially cloudy,Partly cloudy throughout the day.,partly-cloudy-day
"Kano, Nigeria",2023-10-05,27,21.4,74.1,16.6,23.3,255.2,22,2023-10-05 6:15:05,2023-10-05 18:13:53,0.7,Partially cloudy,Partly cloudy throughout the day.,partly-cloudy-day
"Kano, Nigeria",2023-10-06,26.9,20.4,69.7,41,26.1,270.7,23.5,2023-10-06 6:15:06,2023-10-06 18:13:15,0.75,Partially cloudy,Partly cloudy throughout the day.,partly-cloudy-day
"Kano, Nigeria",2023-10-07,25.8,20.2,73.5,27.7,60.9,266.7,23.1,2023-10-07 6:15:08,2023-10-07 18:12:38,0.76,Partially cloudy,Partly cloudy throughout the day.,partly-cloudy-day
"Kano, Nigeria",2023-10-08,26.8,20.5,71.6,16.6,32.7,283.9,24.7,2023-10-08 6:15:10,2023-10-08 18:12:02,0.79,Partially cloudy,Partly cloudy throughout the day.,partly-cloudy-day
"Kano, Nigeria",2023-10-09,27.5,20,67.3,14.8,31,286.7,24.9,2023-10-09 6:15:13,2023-10-09 18:11:25,0.83,Partially cloudy,Partly cloudy throughout the day.,partly-cloudy-day
"Kano, Nigeria",2023-10-10,27.6,19.1,64.1,14.8,47.4,286.3,24.8,2023-10-10 6:15:16,2023-10-10 18:10:50,0.86,Partially cloudy,Partly cloudy throughout the day.,partly-cloudy-day
"Kano, Nigeria",2023-10-11,27.7,18.7,61.6,20.5,36.1,286.9,24.9,2023-10-11 6:15:19,2023-10-11 18:10:14,0.89,Partially cloudy,Partly cloudy throughout the day.,partly-cloudy-day
"Kano, Nigeria",2023-10-12,27.3,19.1,63.4,16.6,35.4,286.2,24.8,2023-10-12 6:15:23,2023-10-12 18:09:40,0.93,Partially cloudy,Partly cloudy throughout the day.,partly-cloudy-day
"Kano, Nigeria",2023-10-13,27.4,19,64.4,52.3,48.1,259.7,22.4,2023-10-13 6:15:27,2023-10-13 18:09:05,0.96,Partially cloudy,Partly cloudy throughout the day.,wind
"Kano, Nigeria",2023-10-14,26.8,18.3,63,14.8,56.6,264.3,22.8,2023-10-14 6:15:32,2023-10-14 18:08:32,0,Partially cloudy,Partly cloudy throughout the day.,partly-cloudy-day
"Kano, Nigeria",2023-10-15,26.1,17.8,63.7,18.4,31.1,286.3,24.5,2023-10-15 6:15:37,2023-10-15 18:07:59,0.03,Partially cloudy,Partly cloudy throughout the day.,partly-cloudy-day
"Kano, Nigeria",2023-10-16,27.2,19.3,65.5,13.7,33,281.9,24.4,2023-10-16 6:15:43,2023-10-16 18:07:27,0.06,Partially cloudy,Partly cloudy throughout the day.,partly-cloudy-day
"Kano, Nigeria",2023-10-17,27.7,22.7,74.5,14.8,60.9,229,19.7,2023-10-17 6:15:49,2023-10-17 18:06:55,0.1,Partially cloudy,Partly cloudy throughout the day.,partly-cloudy-day
"Kano, Nigeria",2023-10-18,27.5,19.2,64.8,25.9,26,265,23,2023-10-18 6:15:55,2023-10-18 18:06:24,0.13,Partially cloudy,Becoming cloudy in the afternoon.,partly-cloudy-day
"Kano, Nigeria",2023-10-19,25.3,16.5,61.9,18.4,60.6,286.7,24.7,2023-10-19 6:16:03,2023-10-19 18:05:54,0.17,Partially cloudy,Partly cloudy throughout the day.,partly-cloudy-day
"Kano, Nigeria",2023-10-20,26.2,16.4,58.9,25.9,50.5,283.8,24.5,2023-10-20 6:16:10,2023-10-20 18:05:24,0.2,Partially cloudy,Partly cloudy throughout the day.,partly-cloudy-day
"Kano, Nigeria",2023-10-21,25.3,14.9,58.6,20.5,68.7,277,24,2023-10-21 6:16:19,2023-10-21 18:04:55,0.24,Partially cloudy,Partly cloudy throughout the day.,partly-cloudy-day
"Kano, Nigeria",2023-10-22,25,12.2,51.6,35.3,62.8,286,24.6,2023-10-22 6:16:28,2023-10-22 18:04:27,0.25,Partially cloudy,Partly cloudy throughout the day.,partly-cloudy-day
"Kano, Nigeria",2023-10-23,26.2,12.8,48.1,25.9,51.6,283,24.4,2023-10-23 6:16:37,2023-10-23 18:04:00,0.31,Partially cloudy,Partly cloudy throughout the day.,partly-cloudy-day
"Kano, Nigeria",2023-10-24,25.4,12.6,50.2,18.4,42.5,283.4,24.3,2023-10-24 6:16:47,2023-10-24 18:03:34,0.34,Partially cloudy,Partly cloudy throughout the day.,partly-cloudy-day
"Kano, Nigeria",2023-10-25,25.4,12.4,49.5,20.5,33.3,283.5,24.4,2023-10-25 6:16:58,2023-10-25 18:03:08,0.38,Partially cloudy,Partly cloudy throughout the day.,partly-cloudy-day
"Kano, Nigeria",2023-10-26,25.8,13.1,49.7,11.2,26.5,263,22.6,2023-10-26 6:17:09,2023-10-26 18:02:43,0.42,Partially cloudy,Partly cloudy throughout the day.,partly-cloudy-day
"Kano, Nigeria",2023-10-27,26.4,15.2,54,28.8,42.2,284.4,24.4,2023-10-27 6:17:21,2023-10-27 18:02:19,0.45,Partially cloudy,Partly cloudy throughout the day.,partly-cloudy-day
"Kano, Nigeria",2023-10-28,26.7,14.5,50.4,20.5,48.5,275.1,23.8,2023-10-28 6:17:33,2023-10-28 18:01:56,0.5,Partially cloudy,Partly cloudy throughout the day.,partly-cloudy-day
"Kano, Nigeria",2023-10-29,26.6,13.2,48.3,30.2,28.7,273.4,23.6,2023-10-29 6:17:46,2023-10-29 18:01:34,0.52,Partially cloudy,Becoming cloudy in the afternoon.,partly-cloudy-day
"Kano, Nigeria",2023-10-30,26.3,12.1,47.4,25.9,53.7,251.7,21.9,2023-10-30 6:18:00,2023-10-30 18:01:13,0.55,Partially cloudy,Partly cloudy throughout the day.,partly-cloudy-day
"Kano, Nigeria",2023-10-31,25.4,13.7,53.4,27.7,48.7,267.9,23.2,2023-10-31 6:18:14,2023-10-31 18:00:53,0.58,Partially cloudy,Partly cloudy throughout the day.,partly-cloudy-day
"Kano, Nigeria",2023-11-01,26.6,13,47,20.5,52,245.8,21.4,2023-11-01 6:18:29,2023-11-01 18:00:34,0.62,Partially cloudy,Partly cloudy throughout the day.,partly-cloudy-day
"Kano, Nigeria",2023-11-02,26.7,14.3,49.7,24.1,34.6,272.6,23.6,2023-11-02 6:18:45,2023-11-02 18:00:15,0.65,Partially cloudy,Partly cloudy throughout the day.,partly-cloudy-day
"Kano, Nigeria",2023-11-03,26.4,13.3,48.1,22.3,49.4,269.3,23.3,2023-11-03 6:19:01,2023-11-03 17:59:58,0.68,Partially cloudy,Partly cloudy throughout the day.,partly-cloudy-day
"Kano, Nigeria",2023-11-04,26.9,15,51,13,86.2,255.4,22.1,2023-11-04 6:19:18,2023-11-04 17:59:42,0.71,Partially cloudy,Partly cloudy throughout the day.,partly-cloudy-day
"Kano, Nigeria",2023-11-05,26.7,15.5,55,27.7,49.9,258.2,22.3,2023-11-05 6:19:36,2023-11-05 17:59:27,0.75,Partially cloudy,Partly cloudy throughout the day.,partly-cloudy-day
"Kano, Nigeria",2023-11-06,26.2,12.4,47,18.4,45,264.7,22.8,2023-11-06 6:19:54,2023-11-06 17:59:12,0.78,Partially cloudy,Partly cloudy throughout the day.,partly-cloudy-day
"Kano, Nigeria",2023-11-07,25.1,11,44.3,16.6,48.8,265.8,22.9,2023-11-07 6:20:13,2023-11-07 17:58:59,0.81,Partially cloudy,Partly cloudy throughout the day.,partly-cloudy-day
"Kano, Nigeria",2023-11-08,25.5,10.7,43.8,18.4,33.7,270,23.2,2023-11-08 6:20:33,2023-11-08 17:58:47,0.84,Partially cloudy,Clearing in the afternoon.,partly-cloudy-day
"Kano, Nigeria",2023-11-09,26,12,46.3,14.8,60.3,269.6,23.3,2023-11-09 6:20:53,2023-11-09 17:58:36,0.87,Partially cloudy,Partly cloudy throughout the day.,partly-cloudy-day
"Kano, Nigeria",2023-11-10,26.5,12,44.9,18.4,62.8,267.1,23.1,2023-11-10 6:21:14,2023-11-10 17:58:26,0.91,Partially cloudy,Partly cloudy throughout the day.,partly-cloudy-day
"Kano, Nigeria",2023-11-11,26.4,12.2,45.1,11.2,62.3,265.3,23,2023-11-11 6:21:36,2023-11-11 17:58:17,0.94,Partially cloudy,Partly cloudy throughout the day.,partly-cloudy-day
"Kano, Nigeria",2023-11-12,25.9,11.3,43.1,22.3,37.6,265.8,23.1,2023-11-12 6:21:58,2023-11-12 17:58:09,0.97,Partially cloudy,Partly cloudy throughout the day.,partly-cloudy-day
"Kano, Nigeria",2023-11-13,25.1,9.6,41.7,22.3,54.9,263.4,22.6,2023-11-13 6:22:20,2023-11-13 17:58:03,0,Partially cloudy,Partly cloudy throughout the day.,partly-cloudy-day
"Kano, Nigeria",2023-11-14,25,11.5,46.1,20.5,52.6,218.2,18.9,2023-11-14 6:22:44,2023-11-14 17:57:57,0.04,Partially cloudy,Partly cloudy throughout the day.,partly-cloudy-day
"Kano, Nigeria",2023-11-15,25.8,14.7,50.8,30.2,42.8,198.6,17.1,2023-11-15 6:23:08,2023-11-15 17:57:52,0.07,Partially cloudy,Partly cloudy throughout the day.,partly-cloudy-day
"Kano, Nigeria",2023-11-16,25.7,14.7,53.1,57.9,32.1,193.9,16.8,2023-11-16 6:23:33,2023-11-16 17:57:49,0.11,Partially cloudy,Partly cloudy throughout the day.,wind
"Kano, Nigeria",2023-11-17,26.1,11.8,43.5,27.7,33.8,227.6,19.8,2023-11-17 6:23:58,2023-11-17 17:57:47,0.15,Partially cloudy,Partly cloudy throughout the day.,partly-cloudy-day
"Kano, Nigeria",2023-11-18,24.5,7.9,36.6,24.1,37.8,236.5,20.3,2023-11-18 6:24:23,2023-11-18 17:57:46,0.18,Partially cloudy,Partly cloudy throughout the day.,partly-cloudy-day
"Kano, Nigeria",2023-11-19,23.4,9.9,47.3,33.5,18.8,248.4,21.5,2023-11-19 6:24:50,2023-11-19 17:57:46,0.22,Clear,Clear conditions throughout the day.,clear-day
"Kano, Nigeria",2023-11-20,22.9,11.1,51.2,24.1,38.9,224.4,19.6,2023-11-20 6:25:17,2023-11-20 17:57:47,0.25,Partially cloudy,Partly cloudy throughout the day.,partly-cloudy-day
"Kano, Nigeria",2023-11-21,21.9,10.1,50.3,22.2,41.8,254.2,21.8,2023-11-21 6:25:44,2023-11-21 17:57:49,0.29,Partially cloudy,Partly cloudy throughout the day.,partly-cloudy-day
"Kano, Nigeria",2023-11-22,23.3,10.6,50.6,49.6,21.8,254.4,22,2023-11-22 6:26:12,2023-11-22 17:57:52,0.32,Partially cloudy,Partly cloudy throughout the day.,wind
"Kano, Nigeria",2023-11-23,24.6,12.2,49.6,16.6,33.8,254.6,22,2023-11-23 6:26:40,2023-11-23 17:57:57,0.36,Partially cloudy,Partly cloudy throughout the day.,partly-cloudy-day
"Kano, Nigeria",2023-11-24,26.2,13.3,48.6,11.2,39.4,253.3,22,2023-11-24 6:27:09,2023-11-24 17:58:02,0.4,Partially cloudy,Partly cloudy throughout the day.,partly-cloudy-day
"Kano, Nigeria",2023-11-25,28.1,16.7,52.4,19.2,38.4,237.9,20.6,2023-11-25 6:27:38,2023-11-25 17:58:09,0.43,Partially cloudy,Partly cloudy throughout the day.,partly-cloudy-day
"Kano, Nigeria",2023-11-26,28.8,18.8,56.6,20.5,74.6,216.8,18.6,2023-11-26 6:28:08,2023-11-26 17:58:17,0.47,Partially cloudy,Partly cloudy throughout the day.,partly-cloudy-day
"Kano, Nigeria",2023-11-27,27.4,13.7,48.2,20.5,46.8,246,21.3,2023-11-27 6:28:38,2023-11-27 17:58:25,0.5,Partially cloudy,Partly cloudy throughout the day.,partly-cloudy-day
"Kano, Nigeria",2023-11-28,26.8,11.3,40.1,25.9,43.1,248,21.5,2023-11-28 6:29:08,2023-11-28 17:58:35,0.53,Partially cloudy,Partly cloudy throughout the day.,partly-cloudy-day
"Kano, Nigeria",2023-11-29,25.6,10.7,44.6,16.6,20.3,249.5,21.5,2023-11-29 6:29:39,2023-11-29 17:58:46,0.57,Partially cloudy,Clearing in the afternoon.,partly-cloudy-day
"Kano, Nigeria",2023-11-30,25.2,8.3,40.7,22.3,35.4,250.5,21.7,2023-11-30 6:30:10,2023-11-30 17:58:58,0.6,Partially cloudy,Partly cloudy throughout the day.,partly-cloudy-day
"Kano, Nigeria",2023-12-01,24.8,6.7,35.4,27.7,32.9,251.3,21.8,2023-12-01 6:30:41,2023-12-01 17:59:11,0.63,Partially cloudy,Partly cloudy throughout the day.,partly-cloudy-day
"Kano, Nigeria",2023-12-02,24.5,7.2,38.2,11.2,28.3,254.7,21.8,2023-12-02 6:31:13,2023-12-02 17:59:25,0.66,Partially cloudy,Partly cloudy throughout the day.,partly-cloudy-day
"Kano, Nigeria",2023-12-03,24.5,7.6,38,13,33.8,253.7,21.8,2023-12-03 6:31:45,2023-12-03 17:59:40,0.69,Partially cloudy,Partly cloudy throughout the day.,partly-cloudy-day
"Kano, Nigeria",2023-12-04,24.7,7.5,38,32.9,38.2,253.5,21.8,2023-12-04 6:32:17,2023-12-04 17:59:56,0.73,Partially cloudy,Becoming cloudy in the afternoon.,partly-cloudy-day
"Kano, Nigeria",2023-12-05,23.9,6.7,37.4,27.3,62.9,245,21.2,2023-12-05 6:32:49,2023-12-05 18:00:13,0.75,Partially cloudy,Partly cloudy throughout the day.,partly-cloudy-day
"Kano, Nigeria",2023-12-06,23.1,4.4,33.6,18.4,47.1,253.3,21.8,2023-12-06 6:33:21,2023-12-06 18:00:31,0.79,Partially cloudy,Partly cloudy throughout the day.,partly-cloudy-day
"Kano, Nigeria",2023-12-07,23.4,6,34.9,12.6,31.4,247.7,21.3,2023-12-07 6:33:54,2023-12-07 18:00:50,0.82,Partially cloudy,Clearing in the afternoon.,partly-cloudy-day
"Kano, Nigeria",2023-12-08,23.3,5,34.1,18.4,67.3,246.3,21.1,2023-12-08 6:34:26,2023-12-08 18:01:10,0.85,Partially cloudy,Partly cloudy throughout the day.,partly-cloudy-day
"Kano, Nigeria",2023-12-09,22.5,2.9,31.7,18.4,67.9,253.3,21.8,2023-12-09 6:34:59,2023-12-09 18:01:31,0.89,Partially cloudy,Partly cloudy throughout the day.,partly-cloudy-day
"Kano, Nigeria",2023-12-10,22.6,4.1,32.4,18.4,52.1,248.7,21.4,2023-12-10 6:35:31,2023-12-10 18:01:52,0.92,Partially cloudy,Partly cloudy throughout the day.,partly-cloudy-day
"Kano, Nigeria",2023-12-11,20.3,6,40.9,31.7,22.6,251.4,21.6,2023-12-11 6:36:04,2023-12-11 18:02:15,0.95,Partially cloudy,Partly cloudy throughout the day.,partly-cloudy-day
"Kano, Nigeria",2023-12-12,20.1,5.1,40.3,32.4,10.8,251.9,21.6,2023-12-12 6:36:36,2023-12-12 18:02:38,0.98,Clear,Clear conditions throughout the day.,clear-day
"Kano, Nigeria",2023-12-13,19.6,3.6,37.1,27.7,11.6,252.3,21.8,2023-12-13 6:37:09,2023-12-13 18:03:02,0,Clear,Clear conditions throughout the day.,clear-day
"Kano, Nigeria",2023-12-14,19.2,4.8,40.8,20.5,28.9,246.7,21.2,2023-12-14 6:37:41,2023-12-14 18:03:27,0.05,Partially cloudy,Partly cloudy throughout the day.,partly-cloudy-day
"Kano, Nigeria",2023-12-15,20.8,5.3,40,20.5,16.2,240.6,20.7,2023-12-15 6:38:13,2023-12-15 18:03:52,0.09,Clear,Clear conditions throughout the day.,clear-day
"Kano, Nigeria",2023-12-16,21.6,3.8,34,62.7,31.3,246.5,21.3,2023-12-16 6:38:45,2023-12-16 18:04:19,0.12,Partially cloudy,Partly cloudy throughout the day.,wind
"Kano, Nigeria",2023-12-17,22.1,3.7,33.8,18.4,40.6,239.3,20.6,2023-12-17 6:39:16,2023-12-17 18:04:45,0.16,Partially cloudy,Partly cloudy throughout the day.,partly-cloudy-day
"Kano, Nigeria",2023-12-18,22.9,4.6,32.5,22.3,24.3,244.9,21,2023-12-18 6:39:48,2023-12-18 18:05:13,0.2,Partially cloudy,Partly cloudy throughout the day.,partly-cloudy-day
"Kano, Nigeria",2023-12-19,23.4,6.4,35.8,18.4,12.5,243.6,21,2023-12-19 6:40:19,2023-12-19 18:05:41,0.25,Clear,Clear conditions throughout the day.,clear-day
"Kano, Nigeria",2023-12-20,24.3,7.7,37,14.8,13.3,243.7,21,2023-12-20 6:40:50,2023-12-20 18:06:10,0.27,Clear,Clear conditions throughout the day.,clear-day
"Kano, Nigeria",2023-12-21,24.1,8,38.5,20.5,27.8,246.1,21.1,2023-12-21 6:41:20,2023-12-21 18:06:39,0.3,Partially cloudy,Partly cloudy throughout the day.,partly-cloudy-day
"Kano, Nigeria",2023-12-22,21.3,3.9,34,58,44.4,246,21.1,2023-12-22 6:41:50,2023-12-22 18:07:09,0.34,Partially cloudy,Partly cloudy throughout the day.,wind
"Kano, Nigeria",2023-12-23,21.1,3.2,32.6,22.3,49.8,246.5,21.2,2023-12-23 6:42:19,2023-12-23 18:07:39,0.37,Partially cloudy,Partly cloudy throughout the day.,partly-cloudy-day
"Kano, Nigeria",2023-12-24,19.8,3.8,37.4,27.7,22.3,244.8,21,2023-12-24 6:42:48,2023-12-24 18:08:10,0.41,Partially cloudy,Partly cloudy throughout the day.,partly-cloudy-day
"Kano, Nigeria",2023-12-25,19.4,1.8,33.9,32.9,22.9,251.1,21.6,2023-12-25 6:43:17,2023-12-25 18:08:41,0.44,Partially cloudy,Partly cloudy throughout the day.,partly-cloudy-day
"Kano, Nigeria",2023-12-26,18,3.6,39.4,20.5,37.5,251,21.5,2023-12-26 6:43:45,2023-12-26 18:09:12,0.48,Partially cloudy,Partly cloudy throughout the day.,partly-cloudy-day
"Kano, Nigeria",2023-12-27,18.8,2.3,36.3,24.1,35.8,251.2,21.5,2023-12-27 6:44:12,2023-12-27 18:09:44,0.5,Partially cloudy,Clearing in the afternoon.,partly-cloudy-day
"Kano, Nigeria",2023-12-28,19.7,5.5,41.3,25.9,29.2,248.6,21.3,2023-12-28 6:44:39,2023-12-28 18:10:17,0.55,Partially cloudy,Partly cloudy throughout the day.,partly-cloudy-day
"Kano, Nigeria",2023-12-29,20.5,4.7,39.8,20.5,10,248.9,21.3,2023-12-29 6:45:05,2023-12-29 18:10:49,0.58,Clear,Clear conditions throughout the day.,clear-day
"Kano, Nigeria",2023-12-30,21.5,6.4,41.5,16.6,20.4,249.6,21.5,2023-12-30 6:45:31,2023-12-30 18:11:22,0.61,Partially cloudy,Partly cloudy throughout the day.,partly-cloudy-day
"Kano, Nigeria",2023-12-31,22.3,3.4,33.9,16.6,41.7,246.2,21.3,2023-12-31 6:45:56,2023-12-31 18:11:55,0.64,Partially cloudy,Partly cloudy throughout the day.,partly-cloudy-day
"Kano, Nigeria",2024-01-01,21.7,4.6,35.8,11.4,42.1,247.1,21.4,2024-01-01 6:46:20,2024-01-01 18:12:28,0.68,Partially cloudy,Partly cloudy throughout the day.,partly-cloudy-day
"Kano, Nigeria",2024-01-02,21.8,4.6,36,11.4,43.2,248.2,21.6,2024-01-02 6:46:43,2024-01-02 18:13:01,0.71,Partially cloudy,Partly cloudy throughout the day.,partly-cloudy-day
"Kano, Nigeria",2024-01-03,21.9,2.7,32.2,12.8,38.8,250.1,21.7,2024-01-03 6:47:06,2024-01-03 18:13:34,0.74,Partially cloudy,Partly cloudy throughout the day.,partly-cloudy-day
"Kano, Nigeria",2024-01-04,20.9,3.9,34.7,15,27.6,251.9,21.8,2024-01-04 6:47:27,2024-01-04 18:14:08,0.75,Partially cloudy,Becoming cloudy in the afternoon.,partly-cloudy-day
"Kano, Nigeria",2024-01-05,21.7,4.6,36.5,10.3,63,251.8,21.9,2024-01-05 6:47:48,2024-01-05 18:14:41,0.8,Partially cloudy,Partly cloudy throughout the day.,partly-cloudy-day
"Kano, Nigeria",2024-01-06,22.4,3.6,33,12.8,42.6,251.3,21.9,2024-01-06 6:48:08,2024-01-06 18:15:15,0.84,Partially cloudy,Partly cloudy throughout the day.,partly-cloudy-day
"Kano, Nigeria",2024-01-07,22.1,3.3,33.5,11.4,36.4,254.2,21.9,2024-01-07 6:48:28,2024-01-07 18:15:48,0.87,Partially cloudy,Partly cloudy throughout the day.,partly-cloudy-day
"Kano, Nigeria",2024-01-08,21.8,1.5,30,12.8,49.2,250.7,21.8,2024-01-08 6:48:46,2024-01-08 18:16:21,0.9,Partially cloudy,Partly cloudy throughout the day.,partly-cloudy-day
"Kano, Nigeria",2024-01-09,22.2,2.4,30.9,10.2,28.8,255.7,22.1,2024-01-09 6:49:04,2024-01-09 18:16:55,0.93,Partially cloudy,Partly cloudy throughout the day.,partly-cloudy-day
"Kano, Nigeria",2024-01-10,22.6,2.4,29.2,17.2,44.6,254.4,22,2024-01-10 6:49:20,2024-01-10 18:17:28,0.97,Partially cloudy,Partly cloudy throughout the day.,partly-cloudy-day
"Kano, Nigeria",2024-01-11,20.9,2.8,34.3,11.4,28.1,256.1,22.3,2024-01-11 6:49:36,2024-01-11 18:18:01,0,Partially cloudy,Partly cloudy throughout the day.,partly-cloudy-day
"Kano, Nigeria",2024-01-12,21.6,0.8,29.6,11.4,18.1,257,22.2,2024-01-12 6:49:50,2024-01-12 18:18:33,0.03,Clear,Clear conditions throughout the day.,clear-day
"Kano, Nigeria",2024-01-13,21.8,0,28.5,15,17.5,257.8,22.3,2024-01-13 6:50:04,2024-01-13 18:19:06,0.07,Clear,Clear conditions throughout the day.,clear-day
"Kano, Nigeria",2024-01-14,21.3,-3.1,22.9,20.8,34,258.7,22.5,2024-01-14 6:50:16,2024-01-14 18:19:38,0.1,Partially cloudy,Partly cloudy throughout the day.,partly-cloudy-day
"Kano, Nigeria",2024-01-15,19.8,-0.8,26.6,16.1,22.1,259.1,22.5,2024-01-15 6:50:28,2024-01-15 18:20:10,0.14,Partially cloudy,Partly cloudy throughout the day.,partly-cloudy-day
"Kano, Nigeria",2024-01-16,19.9,1,31.2,16.1,25.8,260.6,22.5,2024-01-16 6:50:39,2024-01-16 18:20:42,0.17,Partially cloudy,Partly cloudy throughout the day.,partly-cloudy-day
"Kano, Nigeria",2024-01-17,19.9,0,31.2,16.1,18.8,260.8,22.5,2024-01-17 6:50:48,2024-01-17 18:21:14,0.21,Clear,Clear conditions throughout the day.,clear-day
"Kano, Nigeria",2024-01-18,20.7,1.8,32.4,23.8,14.2,262.4,22.6,2024-01-18 6:50:57,2024-01-18 18:21:45,0.25,Clear,Clear conditions throughout the day.,clear-day
"Kano, Nigeria",2024-01-19,21,-0.1,29.2,15,13.3,262.8,22.6,2024-01-19 6:51:04,2024-01-19 18:22:15,0.28,Clear,Clear conditions throughout the day.,clear-day
"Kano, Nigeria",2024-01-20,21.6,-1.4,26,16.1,26.3,262.8,22.7,2024-01-20 6:51:11,2024-01-20 18:22:46,0.31,Partially cloudy,Partly cloudy throughout the day.,partly-cloudy-day
"Kano, Nigeria",2024-01-21,21.6,-1.3,26.6,17.2,30,265.1,22.8,2024-01-21 6:51:16,2024-01-21 18:23:16,0.35,"Rain, Partially cloudy",Partly cloudy throughout the day with morning rain.,rain
"Kano, Nigeria",2024-01-22,21.9,0.2,27.5,13.9,34.9,266,22.9,2024-01-22 6:51:20,2024-01-22 18:23:45,0.38,Partially cloudy,Partly cloudy throughout the day.,partly-cloudy-day
"Kano, Nigeria",2024-01-23,22.1,-0.2,26.6,9.2,34.5,265.1,22.8,2024-01-23 6:51:23,2024-01-23 18:24:14,0.42,Partially cloudy,Partly cloudy throughout the day.,partly-cloudy-day
"Kano, Nigeria",2024-01-24,20.5,3.6,34.9,20.8,35.4,261,22.5,2024-01-24 6:51:26,2024-01-24 18:24:43,0.45,Partially cloudy,Partly cloudy throughout the day.,partly-cloudy-day
"Kano, Nigeria",2024-01-25,20,2.3,33,31.8,20.8,263.5,22.6,2024-01-25 6:51:27,2024-01-25 18:25:11,0.5,Partially cloudy,Partly cloudy throughout the day.,wind
"Kano, Nigeria",2024-01-26,19.6,2,32.8,17.2,13.8,259.1,22.4,2024-01-26 6:51:27,2024-01-26 18:25:38,0.52,Clear,Clear conditions throughout the day.,clear-day
"Kano, Nigeria",2024-01-27,19.2,-0.7,26.8,19.7,36.6,236.1,20.4,2024-01-27 6:51:25,2024-01-27 18:26:05,0.56,Partially cloudy,Partly cloudy throughout the day.,partly-cloudy-day
"Kano, Nigeria",2024-01-28,19.5,-0.7,27,15,2.5,240.7,20.8,2024-01-28 6:51:23,2024-01-28 18:26:32,0.59,Clear,Clear conditions throughout the day.,clear-day
"Kano, Nigeria",2024-01-29,20.6,2.6,34.6,16.1,17.8,245.4,21.1,2024-01-29 6:51:20,2024-01-29 18:26:58,0.62,Clear,Clear conditions throughout the day.,clear-day
"Kano, Nigeria",2024-01-30,21.9,2.1,29.4,16.1,30.4,257.2,22.2,2024-01-30 6:51:16,2024-01-30 18:27:23,0.65,Partially cloudy,Partly cloudy throughout the day.,partly-cloudy-day
"Kano, Nigeria",2024-01-31,21.5,1.9,29.3,21.9,33.7,257.9,22.4,2024-01-31 6:51:10,2024-01-31 18:27:48,0.69,Partially cloudy,Partly cloudy throughout the day.,partly-cloudy-day
"Kano, Nigeria",2024-02-01,20.8,1.9,30.3,17.2,12.9,258.7,22.4,2024-02-01 6:51:04,2024-02-01 18:28:12,0.72,Clear,Clear conditions throughout the day.,clear-day
"Kano, Nigeria",2024-02-02,19.4,0.1,31.9,20.8,39.1,259.7,22.4,2024-02-02 6:50:56,2024-02-02 18:28:36,0.75,Partially cloudy,Partly cloudy throughout the day.,partly-cloudy-day
"Kano, Nigeria",2024-02-03,20,-3.4,21.5,20.8,19.6,262.5,22.6,2024-02-03 6:50:48,2024-02-03 18:28:59,0.75,Clear,Clear conditions throughout the day.,clear-day
"Kano, Nigeria",2024-02-04,20.3,-3.8,20.6,20.8,7.5,265.7,22.8,2024-02-04 6:50:38,2024-02-04 18:29:21,0.82,Clear,Clear conditions throughout the day.,clear-day
"Kano, Nigeria",2024-02-05,20.3,-3.9,20.7,25.5,27.5,257.9,22.2,2024-02-05 6:50:27,2024-02-05 18:29:43,0.85,Partially cloudy,Partly cloudy throughout the day.,partly-cloudy-day
"Kano, Nigeria",2024-02-06,19.6,-1.9,24.5,22.1,47.8,253,21.8,2024-02-06 6:50:16,2024-02-06 18:30:04,0.88,Partially cloudy,Partly cloudy throughout the day.,partly-cloudy-day
"Kano, Nigeria",2024-02-07,19.5,-0.7,29.2,20.1,41.6,260.1,22.3,2024-02-07 6:50:03,2024-02-07 18:30:25,0.92,Partially cloudy,Partly cloudy throughout the day.,partly-cloudy-day
"Kano, Nigeria",2024-02-08,20.4,0.5,28.7,29.1,18.3,271.5,23.4,2024-02-08 6:49:49,2024-02-08 18:30:45,0.95,Clear,Clear conditions throughout the day.,clear-day
"Kano, Nigeria",2024-02-09,21.9,1.9,30.7,15,39.9,271,23.3,2024-02-09 6:49:34,2024-02-09 18:31:04,0,Partially cloudy,Partly cloudy throughout the day.,partly-cloudy-day
"Kano, Nigeria",2024-02-10,23.2,4.2,33,11.4,26.9,270.8,23.4,2024-02-10 6:49:19,2024-02-10 18:31:23,0.02,Partially cloudy,Partly cloudy throughout the day.,partly-cloudy-day
"Kano, Nigeria",2024-02-11,24.5,5.3,32.9,8.1,35.6,270.7,23.3,2024-02-11 6:49:02,2024-02-11 18:31:41,0.05,"Rain, Partially cloudy",Partly cloudy throughout the day with late afternoon rain.,rain
"Kano, Nigeria",2024-02-12,26,2.7,25.6,18.8,17.1,274.6,23.6,2024-02-12 6:48:45,2024-02-12 18:31:58,0.09,Clear,Clear conditions throughout the day.,clear-day
"Kano, Nigeria",2024-02-13,25.9,-1,21.3,57.5,21.7,280,24.2,2024-02-13 6:48:26,2024-02-13 18:32:15,0.12,Partially cloudy,Partly cloudy throughout the day.,wind
"Kano, Nigeria",2024-02-14,25.5,3.5,26.6,17.2,12.9,280.1,24.3,2024-02-14 6:48:07,2024-02-14 18:32:31,0.15,Clear,Clear conditions throughout the day.,clear-day
"Kano, Nigeria",2024-02-15,24.6,2.1,25.1,15,10,282.1,24.3,2024-02-15 6:47:46,2024-02-15 18:32:47,0.19,Clear,Clear conditions throughout the day.,clear-day
"Kano, Nigeria",2024-02-16,22.7,3.3,29.3,16.1,15.5,281,24.3,2024-02-16 6:47:25,2024-02-16 18:33:02,0.25,Clear,Clear conditions throughout the day.,clear-day
"Kano, Nigeria",2024-02-17,22.9,4,31.8,26.2,13,280.7,24.3,2024-02-17 6:47:03,2024-02-17 18:33:16,0.26,Rain,Clear conditions throughout the day with early morning rain.,rain
"Kano, Nigeria",2024-02-18,22.9,4.7,33.9,12.8,23.8,273.7,23.6,2024-02-18 6:46:40,2024-02-18 18:33:30,0.29,Partially cloudy,Partly cloudy throughout the day.,partly-cloudy-day
"Kano, Nigeria",2024-02-19,25.9,6,31.3,9.2,16.7,262.6,22.8,2024-02-19 6:46:17,2024-02-19 18:33:44,0.33,Clear,Clear conditions throughout the day.,clear-day
"Kano, Nigeria",2024-02-20,26.9,6,27.5,10.3,22.3,265.1,23,2024-02-20 6:45:52,2024-02-20 18:33:56,0.36,Partially cloudy,Partly cloudy throughout the day.,partly-cloudy-day
"Kano, Nigeria",2024-02-21,26.5,4.2,24.4,36.6,45.6,263.4,22.7,2024-02-21 6:45:27,2024-02-21 18:34:09,0.39,"Rain, Partially cloudy",Partly cloudy throughout the day with late afternoon rain.,rain
"Kano, Nigeria",2024-02-22,25.4,5.4,28.2,12.8,78.1,151,12.9,2024-02-22 6:45:01,2024-02-22 18:34:20,0.43,"Rain, Partially cloudy",Partly cloudy throughout the day with early morning rain.,rain
"Kano, Nigeria",2024-02-23,24.9,10.8,42.5,32,61.2,204.7,17.6,2024-02-23 6:44:34,2024-02-23 18:34:31,0.46,"Rain, Partially cloudy",Partly cloudy throughout the day with afternoon rain.,rain
"Kano, Nigeria",2024-02-24,25.5,12.9,46.4,13.9,38.1,263.1,22.6,2024-02-24 6:44:07,2024-02-24 18:34:42,0.5,Partially cloudy,Clearing in the afternoon.,partly-cloudy-day
"Kano, Nigeria",2024-02-25,27,14.6,48.1,12.8,59.7,257.1,22.3,2024-02-25 6:43:39,2024-02-25 18:34:52,0.53,Partially cloudy,Partly cloudy throughout the day.,partly-cloudy-day
"Kano, Nigeria",2024-02-26,26.6,7.9,32.6,22.1,74.5,152.5,13.4,2024-02-26 6:43:10,2024-02-26 18:35:01,0.57,Partially cloudy,Partly cloudy throughout the day.,partly-cloudy-day
"Kano, Nigeria",2024-02-27,28.2,11.8,37.3,11.4,19.4,284.5,24.6,2024-02-27 6:42:40,2024-02-27 18:35:10,0.6,Clear,Clear conditions throughout the day.,clear-day
"Kano, Nigeria",2024-02-28,29,12.9,38.9,11.4,20.8,283.2,24.5,2024-02-28 6:42:10,2024-02-28 18:35:19,0.63,Partially cloudy,Partly cloudy throughout the day.,partly-cloudy-day
"Kano, Nigeria",2024-02-29,29.9,15.8,44.2,8.1,39.9,286.2,24.7,2024-02-29 6:41:40,2024-02-29 18:35:27,0.67,Partially cloudy,Becoming cloudy in the afternoon.,partly-cloudy-day
"Kano, Nigeria",2024-03-01,28.4,9,32.7,10.3,85.9,285.6,24.8,2024-03-01 6:41:08,2024-03-01 18:35:35,0.7,Partially cloudy,Partly cloudy throughout the day.,partly-cloudy-day
"Kano, Nigeria",2024-03-02,29,0.5,17.8,11.4,40.8,290.3,25.3,2024-03-02 6:40:36,2024-03-02 18:35:42,0.73,Partially cloudy,Partly cloudy throughout the day.,partly-cloudy-day
"Kano, Nigeria",2024-03-03,29,4.1,22.8,10.3,39.5,289.2,25.2,2024-03-03 6:40:04,2024-03-03 18:35:49,0.75,Partially cloudy,Partly cloudy throughout the day.,partly-cloudy-day
"Kano, Nigeria",2024-03-04,29.7,6.7,26.5,63.3,22.9,289.4,25.1,2024-03-04 6:39:31,2024-03-04 18:35:55,0.8,Partially cloudy,Partly cloudy throughout the day.,wind
"Kano, Nigeria",2024-03-05,30.6,5,23.8,11.4,54,291.3,25.3,2024-03-05 6:38:58,2024-03-05 18:36:02,0.83,Partially cloudy,Partly cloudy throughout the day.,partly-cloudy-day
"Kano, Nigeria",2024-03-06,30.9,5.1,23.6,8.9,61.9,293.6,25.5,2024-03-06 6:38:24,2024-03-06 18:36:07,0.87,Partially cloudy,Partly cloudy throughout the day.,partly-cloudy-day
"Kano, Nigeria",2024-03-07,31.7,12.6,32.4,18.3,58,249.6,21.7,2024-03-07 6:37:50,2024-03-07 18:36:13,0.9,Partially cloudy,Partly cloudy throughout the day.,partly-cloudy-day
"Kano, Nigeria",2024-03-08,33,13.7,34.9,17.2,39.3,284.5,24.5,2024-03-08 6:37:15,2024-03-08 18:36:18,0.94,Partially cloudy,Partly cloudy throughout the day.,partly-cloudy-day
"Kano, Nigeria",2024-03-09,32.4,7.9,28,17,60.8,265.4,22.9,2024-03-09 6:36:40,2024-03-09 18:36:22,0.97,Partially cloudy,Partly cloudy throughout the day.,partly-cloudy-day
"Kano, Nigeria",2024-03-10,32.9,7,21.3,11.9,67.1,294.8,25.6,2024-03-10 6:36:04,2024-03-10 18:36:27,0,Partially cloudy,Partly cloudy throughout the day.,partly-cloudy-day
"Kano, Nigeria",2024-03-11,33.1,6.5,21.8,15,74.9,293,25.5,2024-03-11 6:35:29,2024-03-11 18:36:31,0.04,Partially cloudy,Partly cloudy throughout the day.,partly-cloudy-day
"Kano, Nigeria",2024-03-12,33.1,5,20.1,13.9,43.8,296.9,25.6,2024-03-12 6:34:52,2024-03-12 18:36:35,0.07,Partially cloudy,Partly cloudy throughout the day.,partly-cloudy-day
"Kano, Nigeria",2024-03-13,32.6,5.5,20.7,11.4,57.2,287.6,25,2024-03-13 6:34:16,2024-03-13 18:36:38,0.1,Partially cloudy,Partly cloudy throughout the day.,partly-cloudy-day
"Kano, Nigeria",2024-03-14,32.1,11.9,31.2,19.7,63.1,271.7,23.4,2024-03-14 6:33:39,2024-03-14 18:36:42,0.14,Partially cloudy,Partly cloudy throughout the day.,partly-cloudy-day
"Kano, Nigeria",2024-03-15,32.8,15.5,38.6,13.9,67.8,260.6,22.5,2024-03-15 6:33:02,2024-03-15 18:36:45,0.17,Partially cloudy,Partly cloudy throughout the day.,partly-cloudy-day
"Kano, Nigeria",2024-03-16,33.6,11.8,30.6,10.3,26.5,284.3,24.7,2024-03-16 6:32:25,2024-03-16 18:36:48,0.2,Partially cloudy,Partly cloudy throughout the day.,partly-cloudy-day
"Kano, Nigeria",2024-03-17,30.4,3.2,18.5,15,28.5,273.6,23.6,2024-03-17 6:31:48,2024-03-17 18:36:50,0.25,Partially cloudy,Partly cloudy throughout the day.,partly-cloudy-day
"Kano, Nigeria",2024-03-18,28.5,0.8,17.3,25.5,29.2,308.9,26.6,2024-03-18 6:31:10,2024-03-18 18:36:53,0.27,Partially cloudy,Partly cloudy throughout the day.,partly-cloudy-day
"Kano, Nigeria",2024-03-19,27.1,3.7,23.2,16.1,42.1,306.7,26.5,2024-03-19 6:30:33,2024-03-19 18:36:56,0.3,Partially cloudy,Partly cloudy throughout the day.,partly-cloudy-day
"Kano, Nigeria",2024-03-20,27.8,3.2,22.3,18.3,43,302.8,26.1,2024-03-20 6:29:55,2024-03-20 18:36:58,0.34,Partially cloudy,Partly cloudy throughout the day.,partly-cloudy-day
"Kano, Nigeria",2024-03-21,29.4,6.3,24.5,69.1,10.5,306.2,26.4,2024-03-21 6:29:17,2024-03-21 18:37:00,0.37,Clear,Clear conditions throughout the day.,wind
"Kano, Nigeria",2024-03-22,29.6,5.5,23.2,12.8,25.3,273.8,23.6,2024-03-22 6:28:39,2024-03-22 18:37:02,0.41,Partially cloudy,Clearing in the afternoon.,partly-cloudy-day
"Kano, Nigeria",2024-03-23,30.1,7.2,25.1,18.8,18.6,296.3,25.6,2024-03-23 6:28:01,2024-03-23 18:37:04,0.44,Clear,Clear conditions throughout the day.,clear-day
"Kano, Nigeria",2024-03-24,30.2,7.3,25,16.1,20,308.5,26.6,2024-03-24 6:27:23,2024-03-24 18:37:06,0.47,Clear,Becoming cloudy in the afternoon.,clear-day
"Kano, Nigeria",2024-03-25,29.1,9,29.7,18.3,56.5,312.7,27.2,2024-03-25 6:26:44,2024-03-25 18:37:08,0.5,Partially cloudy,Partly cloudy throughout the day.,partly-cloudy-day
"Kano, Nigeria",2024-03-26,29.5,5.2,25.2,13.9,64,315.2,27.4,2024-03-26 6:26:06,2024-03-26 18:37:10,0.54,Partially cloudy,Partly cloudy throughout the day.,partly-cloudy-day
"Kano, Nigeria",2024-03-27,30.6,5.1,22,17.2,44.3,316.3,27.3,2024-03-27 6:25:28,2024-03-27 18:37:12,0.57,Partially cloudy,Partly cloudy throughout the day.,partly-cloudy-day
"Kano, Nigeria",2024-03-28,31.6,3.5,19,13.9,72.5,314.5,27.2,2024-03-28 6:24:50,2024-03-28 18:37:14,0.61,Partially cloudy,Partly cloudy throughout the day.,partly-cloudy-day
"Kano, Nigeria",2024-03-29,31.7,5.1,20.2,11.4,62.5,317.4,27.4,2024-03-29 6:24:12,2024-03-29 18:37:16,0.64,Partially cloudy,Partly cloudy throughout the day.,partly-cloudy-day
"Kano, Nigeria",2024-03-30,32.7,6.6,21.2,10.3,73.7,313.4,27.2,2024-03-30 6:23:34,2024-03-30 18:37:18,0.68,Partially cloudy,Partly cloudy throughout the day.,partly-cloudy-day
"Kano, Nigeria",2024-03-31,32.7,8.9,24.3,13.9,63.8,317.9,27.4,2024-03-31 6:22:57,2024-03-31 18:37:20,0.71,Partially cloudy,Partly cloudy throughout the day.,partly-cloudy-day
"Kano, Nigeria",2024-04-01,33.7,6,19.4,15,81.8,302.2,26.1,2024-04-01 6:22:19,2024-04-01 18:37:22,0.75,Partially cloudy,Partly cloudy throughout the day.,partly-cloudy-day
"Kano, Nigeria",2024-04-02,33.6,10.9,27.4,11.4,33.5,316.9,27.4,2024-04-02 6:21:42,2024-04-02 18:37:24,0.75,Partially cloudy,Partly cloudy throughout the day.,partly-cloudy-day
"Kano, Nigeria",2024-04-03,32.1,10.8,28.5,13.9,37,303.7,26.4,2024-04-03 6:21:04,2024-04-03 18:37:26,0.82,Partially cloudy,Partly cloudy throughout the day.,partly-cloudy-day
"Kano, Nigeria",2024-04-04,32.7,16.4,39,13.9,58.8,280.2,24.2,2024-04-04 6:20:27,2024-04-04 18:37:29,0.85,Partially cloudy,Partly cloudy throughout the day.,partly-cloudy-day
"Kano, Nigeria",2024-04-05,33,16.7,39.7,10.3,61.6,291.9,25.4,2024-04-05 6:19:50,2024-04-05 18:37:31,0.89,Partially cloudy,Partly cloudy throughout the day.,partly-cloudy-day
"Kano, Nigeria",2024-04-06,32.9,16.6,40.6,29,55.6,272.7,23.6,2024-04-06 6:19:14,2024-04-06 18:37:34,0.92,Partially cloudy,Partly cloudy throughout the day.,partly-cloudy-day
"Kano, Nigeria",2024-04-07,33.3,15.9,38.6,16.1,57.3,262.6,22.8,2024-04-07 6:18:38,2024-04-07 18:37:37,0.95,Partially cloudy,Partly cloudy throughout the day.,partly-cloudy-day
"Kano, Nigeria",2024-04-08,33,13.1,35.7,19.7,40.5,316.7,27.3,2024-04-08 6:18:02,2024-04-08 18:37:40,0,Partially cloudy,Partly cloudy throughout the day.,partly-cloudy-day
"Kano, Nigeria",2024-04-09,32.8,16.8,40.2,15,63.2,259,22.5,2024-04-09 6:17:26,2024-04-09 18:37:43,0.02,Partially cloudy,Partly cloudy throughout the day.,partly-cloudy-day
"Kano, Nigeria",2024-04-10,33.9,7.3,24.1,19.7,45.5,315.1,27.1,2024-04-10 6:16:51,2024-04-10 18:37:46,0.06,Partially cloudy,Partly cloudy throughout the day.,partly-cloudy-day
"Kano, Nigeria",2024-04-11,33.1,2,16.6,36.6,51.6,319.4,27.5,2024-04-11 6:16:16,2024-04-11 18:37:50,0.09,"Rain, Partially cloudy",Partly cloudy throughout the day with late afternoon rain.,rain
"Kano, Nigeria",2024-04-12,33,8.6,22.6,11.4,50.6,303.2,26.4,2024-04-12 6:15:41,2024-04-12 18:37:54,0.12,Partially cloudy,Partly cloudy throughout the day.,partly-cloudy-day
"Kano, Nigeria",2024-04-13,33.7,12.1,28.5,13.9,53.5,302,26.1,2024-04-13 6:15:07,2024-04-13 18:37:58,0.15,Partially cloudy,Partly cloudy throughout the day.,partly-cloudy-day
"Kano, Nigeria",2024-04-14,31.8,14.2,35.9,20.4,90.7,225.4,19.4,2024-04-14 6:14:33,2024-04-14 18:38:02,0.19,Overcast,Cloudy skies throughout the day.,cloudy
"Kano, Nigeria",2024-04-15,33.9,11.1,27.5,9.2,32.3,300.2,26,2024-04-15 6:14:00,2024-04-15 18:38:06,0.25,Partially cloudy,Partly cloudy throughout the day.,partly-cloudy-day
"Kano, Nigeria",2024-04-16,34.2,5.5,17.9,10.3,63.7,315.1,27.1,2024-04-16 6:13:27,2024-04-16 18:38:11,0.25,"Rain, Partially cloudy",Partly cloudy throughout the day with late afternoon rain.,rain
"Kano, Nigeria",2024-04-17,33.6,5.9,18.7,10.3,53,269,23.2,2024-04-17 6:12:55,2024-04-17 18:38:16,0.29,Partially cloudy,Partly cloudy throughout the day.,partly-cloudy-day
"Kano, Nigeria",2024-04-18,34.2,9.3,24.3,15,55.3,279.2,24.2,2024-04-18 6:12:23,2024-04-18 18:38:22,0.32,Partially cloudy,Partly cloudy throughout the day.,partly-cloudy-day
"Kano, Nigeria",2024-04-19,34,11.4,26.7,12.8,44.3,317.2,27.2,2024-04-19 6:11:51,2024-04-19 18:38:27,0.35,Partially cloudy,Partly cloudy throughout the day.,partly-cloudy-day
"Kano, Nigeria",2024-04-20,35.1,16.3,34.6,15,57.2,292.6,25.3,2024-04-20 6:11:20,2024-04-20 18:38:33,0.38,Partially cloudy,Partly cloudy throughout the day.,partly-cloudy-day
"Kano, Nigeria",2024-04-21,35,15.2,32,12.8,57.9,272.3,23.6,2024-04-21 6:10:50,2024-04-21 18:38:40,0.42,Partially cloudy,Partly cloudy throughout the day.,partly-cloudy-day
"Kano, Nigeria",2024-04-22,33.7,16.1,37.6,21.9,74.6,288.8,24.9,2024-04-22 6:10:20,2024-04-22 18:38:46,0.45,Partially cloudy,Partly cloudy throughout the day.,partly-cloudy-day
"Kano, Nigeria",2024-04-23,35.2,16.2,34.3,15,83.3,267.7,23.3,2024-04-23 6:09:51,2024-04-23 18:38:53,0.48,Partially cloudy,Partly cloudy throughout the day.,partly-cloudy-day
"Kano, Nigeria",2024-04-24,35.3,16.8,36,15,64.7,284.3,24.5,2024-04-24 6:09:23,2024-04-24 18:39:00,0.5,Partially cloudy,Clearing in the afternoon.,partly-cloudy-day
"Kano, Nigeria",2024-04-25,34.8,19.4,42.2,22.1,34,294.3,25.5,2024-04-25 6:08:55,2024-04-25 18:39:08,0.55,Partially cloudy,Partly cloudy throughout the day.,partly-cloudy-day
"Kano, Nigeria",2024-04-26,34.8,18.2,39.7,18.3,32.7,287.1,24.8,2024-04-26 6:08:28,2024-04-26 18:39:16,0.59,Partially cloudy,Partly cloudy throughout the day.,partly-cloudy-day
"Kano, Nigeria",2024-04-27,34.1,18,40,15,61.6,290.7,25.4,2024-04-27 6:08:01,2024-04-27 18:39:24,0.62,Partially cloudy,Partly cloudy throughout the day.,partly-cloudy-day
"Kano, Nigeria",2024-04-28,35.3,17,36.7,20.4,83.6,307.7,26.7,2024-04-28 6:07:35,2024-04-28 18:39:33,0.66,Partially cloudy,Partly cloudy throughout the day.,partly-cloudy-day
"Kano, Nigeria",2024-04-29,34.3,14.7,33.2,26.8,61.5,310.3,27,2024-04-29 6:07:10,2024-04-29 18:39:42,0.69,Partially cloudy,Partly cloudy throughout the day.,partly-cloudy-day
"Kano, Nigeria",2024-04-30,34.6,14.2,33.4,13.9,63.6,319.3,27.5,2024-04-30 6:06:45,2024-04-30 18:39:51,0.73,Partially cloudy,Partly cloudy throughout the day.,partly-cloudy-day
"Kano, Nigeria",2024-05-01,31.9,17.5,44.9,24.2,49.6,270.1,23.4,2024-05-01 6:06:21,2024-05-01 18:40:01,0.75,Partially cloudy,Becoming cloudy in the afternoon.,partly-cloudy-day
"Kano, Nigeria",2024-05-02,33,19.5,46.9,17.2,76.2,283.9,24.7,2024-05-02 6:05:58,2024-05-02 18:40:11,0.8,Partially cloudy,Partly cloudy throughout the day.,partly-cloudy-day
"Kano, Nigeria",2024-05-03,34.3,19.3,43.2,16.1,75.5,276.8,24,2024-05-03 6:05:35,2024-05-03 18:40:21,0.83,Partially cloudy,Partly cloudy throughout the day.,partly-cloudy-day
"Kano, Nigeria",2024-05-04,34.1,19.5,45.6,16.1,19,291.4,25.1,2024-05-04 6:05:14,2024-05-04 18:40:32,0.87,Clear,Clear conditions throughout the day.,clear-day
"Kano, Nigeria",2024-05-05,35.1,19.2,42.1,20.4,25,298.4,25.7,2024-05-05 6:04:53,2024-05-05 18:40:43,0.91,Partially cloudy,Becoming cloudy in the afternoon.,partly-cloudy-day
"Kano, Nigeria",2024-05-06,34,18.4,42.8,16.1,74.5,270.1,23.2,2024-05-06 6:04:33,2024-05-06 18:40:54,0.94,Partially cloudy,Partly cloudy throughout the day.,partly-cloudy-day
"Kano, Nigeria",2024-05-07,31.4,19.6,52,20.8,69.1,254.4,21.9,2024-05-07 6:04:13,2024-05-07 18:41:06,0.98,Partially cloudy,Partly cloudy throughout the day.,partly-cloudy-day
"Kano, Nigeria",2024-05-08,32.9,18.7,47.4,11.4,39,300.5,25.9,2024-05-08 6:03:54,2024-05-08 18:41:18,0,Partially cloudy,Clearing in the afternoon.,partly-cloudy-day
"Kano, Nigeria",2024-05-09,34.5,21.7,49.5,17.2,66.4,296.9,25.6,2024-05-09 6:03:37,2024-05-09 18:41:31,0.04,Partially cloudy,Partly cloudy throughout the day.,partly-cloudy-day
"Kano, Nigeria",2024-05-10,33.3,22.4,54.6,22.1,54.4,283.5,24.6,2024-05-10 6:03:20,2024-05-10 18:41:44,0.08,"Rain, Partially cloudy",Partly cloudy throughout the day with late afternoon rain.,rain
"Kano, Nigeria",2024-05-11,31.1,19.3,51,20.8,67,277.1,24.1,2024-05-11 6:03:03,2024-05-11 18:41:57,0.11,Partially cloudy,Partly cloudy throughout the day.,partly-cloudy-day
"Kano, Nigeria",2024-05-12,31,21.1,57.4,25.3,65.1,189.1,16.4,2024-05-12 6:02:48,2024-05-12 18:42:10,0.14,"Rain, Partially cloudy",Partly cloudy throughout the day with morning rain.,rain
"Kano, Nigeria",2024-05-13,31.5,20.2,53.8,17.2,86.7,274.6,23.7,2024-05-13 6:02:33,2024-05-13 18:42:24,0.17,Partially cloudy,Partly cloudy throughout the day.,partly-cloudy-day
"Kano, Nigeria",2024-05-14,31.4,20.8,54,15,79.4,265.7,22.9,2024-05-14 6:02:19,2024-05-14 18:42:38,0.2,Partially cloudy,Partly cloudy throughout the day.,partly-cloudy-day
"Kano, Nigeria",2024-05-15,33.7,21.2,50.8,20.1,35,298.4,25.7,2024-05-15 6:02:07,2024-05-15 18:42:53,0.25,Partially cloudy,Partly cloudy throughout the day.,partly-cloudy-day
"Kano, Nigeria",2024-05-16,34,21.4,49.8,19.7,67.6,272,23.5,2024-05-16 6:01:54,2024-05-16 18:43:07,0.27,Partially cloudy,Partly cloudy throughout the day.,partly-cloudy-day
"Kano, Nigeria",2024-05-17,33.2,19.4,46.5,19.7,54,283.6,24.7,2024-05-17 6:01:43,2024-05-17 18:43:22,0.3,Partially cloudy,Partly cloudy throughout the day.,partly-cloudy-day
"Kano, Nigeria",2024-05-18,34.1,18.1,42.3,16.1,35.7,316.8,27.5,2024-05-18 6:01:33,2024-05-18 18:43:37,0.33,Partially cloudy,Partly cloudy throughout the day.,partly-cloudy-day
"Kano, Nigeria",2024-05-19,32.7,13.2,34.2,9.2,35,318.3,27.4,2024-05-19 6:01:23,2024-05-19 18:43:53,0.37,Partially cloudy,Partly cloudy throughout the day.,partly-cloudy-day
"Kano, Nigeria",2024-05-20,33.5,13.5,33.5,20.4,24.4,309.3,26.7,2024-05-20 6:01:14,2024-05-20 18:44:09,0.4,Partially cloudy,Clearing in the afternoon.,partly-cloudy-day
"Kano, Nigeria",2024-05-21,35.2,15.5,33.2,16.1,27.6,286.9,24.8,2024-05-21 6:01:06,2024-05-21 18:44:25,0.43,Partially cloudy,Partly cloudy throughout the day.,partly-cloudy-day
"Kano, Nigeria",2024-05-22,33.9,16.5,36.5,26.4,77.6,293.3,25.2,2024-05-22 6:00:59,2024-05-22 18:44:41,0.46,Partially cloudy,Partly cloudy throughout the day.,partly-cloudy-day
"Kano, Nigeria",2024-05-23,33.9,19.5,44.9,20.8,22.9,295.9,25.6,2024-05-23 6:00:53,2024-05-23 18:44:57,0.5,Partially cloudy,Becoming cloudy in the afternoon.,partly-cloudy-day
"Kano, Nigeria",2024-05-24,33.7,20.3,47.4,19.7,27.9,290.8,25.2,2024-05-24 6:00:47,2024-05-24 18:45:14,0.53,Partially cloudy,Partly cloudy throughout the day.,partly-cloudy-day
"Kano, Nigeria",2024-05-25,31.9,19,47.6,17.2,33.9,281,24.4,2024-05-25 6:00:43,2024-05-25 18:45:31,0.57,"Rain, Partially cloudy",Partly cloudy throughout the day with late afternoon rain.,rain
"Kano, Nigeria",2024-05-26,32.9,20.2,48.5,16.1,34.6,274.6,23.8,2024-05-26 6:00:39,2024-05-26 18:45:47,0.6,Partially cloudy,Partly cloudy throughout the day.,partly-cloudy-day
"Kano, Nigeria",2024-05-27,33,19.1,46.1,13.6,43.9,283.1,24.5,2024-05-27 6:00:36,2024-05-27 18:46:04,0.64,Partially cloudy,Partly cloudy throughout the day.,partly-cloudy-day
"Kano, Nigeria",2024-05-28,33.5,21.3,50.8,18.8,53.6,277.9,23.9,2024-05-28 6:00:34,2024-05-28 18:46:22,0.67,Partially cloudy,Partly cloudy throughout the day.,partly-cloudy-day
"Kano, Nigeria",2024-05-29,32,22.8,61,20.8,66.5,292,25.2,2024-05-29 6:00:32,2024-05-29 18:46:39,0.71,Partially cloudy,Partly cloudy throughout the day.,partly-cloudy-day
"Kano, Nigeria",2024-05-30,27.7,20.1,65,20.8,73,246,21.2,2024-05-30 6:00:32,2024-05-30 18:46:56,0.75,Partially cloudy,Partly cloudy throughout the day.,partly-cloudy-day
"Kano, Nigeria",2024-05-31,30.4,20.1,56.1,17,43.9,303.8,26,2024-05-31 6:00:32,2024-05-31 18:47:13,0.78,Partially cloudy,Partly cloudy throughout the day.,partly-cloudy-day
"Kano, Nigeria",2024-06-01,30.7,22.7,63.5,12.8,40.4,283.6,24.6,2024-06-01 6:00:33,2024-06-01 18:47:31,0.82,Partially cloudy,Partly cloudy throughout the day.,partly-cloudy-day
"Kano, Nigeria",2024-06-02,30.1,22,64.1,16.1,76.5,288.1,25,2024-06-02 6:00:35,2024-06-02 18:47:48,0.85,"Rain, Partially cloudy",Partly cloudy throughout the day with morning rain.,rain
"Kano, Nigeria",2024-06-03,31.8,22.2,58.6,18.8,29.9,300,25.9,2024-06-03 6:00:37,2024-06-03 18:48:05,0.89,Partially cloudy,Partly cloudy throughout the day.,partly-cloudy-day
"Kano, Nigeria",2024-06-04,31.5,21.6,57.6,20.8,29.8,292.4,25.4,2024-06-04 6:00:40,2024-06-04 18:48:23,0.93,Partially cloudy,Partly cloudy throughout the day.,partly-cloudy-day
"Kano, Nigeria",2024-06-05,29.9,20,57.2,18.3,36.9,295.3,25.4,2024-06-05 6:00:44,2024-06-05 18:48:40,0.96,Partially cloudy,Partly cloudy throughout the day.,partly-cloudy-day
"Kano, Nigeria",2024-06-06,30.8,22.3,61.9,16.1,39.5,292.8,25.2,2024-06-06 6:00:49,2024-06-06 18:48:57,0,Partially cloudy,Partly cloudy throughout the day.,partly-cloudy-day
"Kano, Nigeria",2024-06-07,31.2,21.2,56.6,20.4,54,280.8,24.1,2024-06-07 6:00:54,2024-06-07 18:49:14,0.03,Partially cloudy,Partly cloudy throughout the day.,partly-cloudy-day
"Kano, Nigeria",2024-06-08,29.1,20.6,62.2,17.2,41.6,226.4,19.5,2024-06-08 6:01:00,2024-06-08 18:49:31,0.06,Partially cloudy,Partly cloudy throughout the day.,partly-cloudy-day
"Kano, Nigeria",2024-06-09,30.9,20.4,56.3,15,34,297.5,25.7,2024-06-09 6:01:07,2024-06-09 18:49:48,0.09,Partially cloudy,Partly cloudy throughout the day.,partly-cloudy-day
"Kano, Nigeria",2024-06-10,30.9,20.2,53.9,19.7,43.6,295.5,25.7,2024-06-10 6:01:14,2024-06-10 18:50:04,0.13,"Rain, Partially cloudy",Partly cloudy throughout the day with afternoon rain.,rain
"Kano, Nigeria",2024-06-11,25.8,21.4,78,24.2,61.6,88.3,7.7,2024-06-11 6:01:22,2024-06-11 18:50:20,0.16,Partially cloudy,Partly cloudy throughout the day.,partly-cloudy-day
"Kano, Nigeria",2024-06-12,28.2,22.8,74.1,17,44.4,258.4,22.2,2024-06-12 6:01:31,2024-06-12 18:50:36,0.19,Partially cloudy,Partly cloudy throughout the day.,partly-cloudy-day
"Kano, Nigeria",2024-06-13,29.4,23.2,70.7,13.9,25.2,292.4,25.4,2024-06-13 6:01:40,2024-06-13 18:50:52,0.22,Partially cloudy,Clearing in the afternoon.,partly-cloudy-day
"Kano, Nigeria",2024-06-14,31.4,21,56.5,16.1,50.5,272.6,23.4,2024-06-14 6:01:49,2024-06-14 18:51:08,0.25,Partially cloudy,Partly cloudy throughout the day.,partly-cloudy-day
"Kano, Nigeria",2024-06-15,30.5,19.3,52.3,16.1,40.3,263.2,22.6,2024-06-15 6:02:00,2024-06-15 18:51:23,0.29,"Rain, Partially cloudy",Partly cloudy throughout the day with rain.,rain
"Kano, Nigeria",2024-06-16,26.1,21,74,9.2,78.4,208.3,17.8,2024-06-16 6:02:10,2024-06-16 18:51:38,0.32,"Rain, Partially cloudy",Partly cloudy throughout the day with rain clearing later.,rain
"Kano, Nigeria",2024-06-17,28,22.7,74,12.8,28.7,287.4,24.9,2024-06-17 6:02:21,2024-06-17 18:51:53,0.35,Partially cloudy,Partly cloudy throughout the day.,partly-cloudy-day
"Kano, Nigeria",2024-06-18,29.9,23.8,71.6,8.7,35.9,285.9,24.7,2024-06-18 6:02:33,2024-06-18 18:52:07,0.38,Partially cloudy,Partly cloudy throughout the day.,partly-cloudy-day
"Kano, Nigeria",2024-06-19,30.3,23,66.5,12.8,40.7,286.5,24.6,2024-06-19 6:02:45,2024-06-19 18:52:21,0.42,Partially cloudy,Partly cloudy throughout the day.,partly-cloudy-day
"Kano, Nigeria",2024-06-20,26.8,21.6,74.8,25.5,52,261.5,22.6,2024-06-20 6:02:58,2024-06-20 18:52:34,0.45,Partially cloudy,Partly cloudy throughout the day.,partly-cloudy-day
"Kano, Nigeria",2024-06-21,28.3,22.5,71.8,11.4,57,277.4,24.1,2024-06-21 6:03:11,2024-06-21 18:52:47,0.48,Partially cloudy,Partly cloudy throughout the day.,partly-cloudy-day
"Kano, Nigeria",2024-06-22,29.5,22.8,68.4,15,54.4,295.2,25.5,2024-06-22 6:03:24,2024-06-22 18:52:59,0.5,Partially cloudy,Partly cloudy throughout the day.,partly-cloudy-day
"Kano, Nigeria",2024-06-23,30.1,22.7,65.7,16.1,29.9,286.7,24.7,2024-06-23 6:03:38,2024-06-23 18:53:11,0.55,Partially cloudy,Partly cloudy throughout the day.,partly-cloudy-day
"Kano, Nigeria",2024-06-24,26.9,22,75.5,18.8,58.7,272.6,23.5,2024-06-24 6:03:52,2024-06-24 18:53:22,0.59,Partially cloudy,Partly cloudy throughout the day.,partly-cloudy-day
"Kano, Nigeria",2024-06-25,28.1,22.5,73.3,13.6,55.4,279.1,24.1,2024-06-25 6:04:06,2024-06-25 18:53:33,0.62,Partially cloudy,Partly cloudy throughout the day.,partly-cloudy-day
"Kano, Nigeria",2024-06-26,29.2,22.9,70,15,63,290.9,25.2,2024-06-26 6:04:21,2024-06-26 18:53:44,0.66,Partially cloudy,Partly cloudy throughout the day.,partly-cloudy-day
"Kano, Nigeria",2024-06-27,28.4,21.5,67.2,20.8,53.3,274.5,23.8,2024-06-27 6:04:36,2024-06-27 18:53:53,0.69,Partially cloudy,Partly cloudy throughout the day.,partly-cloudy-day
"Kano, Nigeria",2024-06-28,25.1,21.9,82.7,16.1,71.9,234.9,20.3,2024-06-28 6:04:51,2024-06-28 18:54:02,0.75,"Rain, Partially cloudy",Partly cloudy throughout the day with late afternoon rain.,rain
"Kano, Nigeria",2024-06-29,27.3,21.5,71.7,13.9,60.1,256.8,22.2,2024-06-29 6:05:06,2024-06-29 18:54:11,0.77,"Rain, Partially cloudy",Partly cloudy throughout the day with morning rain.,rain
"Kano, Nigeria",2024-06-30,27.8,22.2,72.3,12.8,61.1,246.1,21.2,2024-06-30 6:05:22,2024-06-30 18:54:19,0.8,Partially cloudy,Partly cloudy throughout the day.,partly-cloudy-day
"Kano, Nigeria",2024-07-01,29.2,22.5,68.3,11.4,72,275.7,23.8,2024-07-01 6:05:38,2024-07-01 18:54:26,0.84,Partially cloudy,Partly cloudy throughout the day.,partly-cloudy-day
"Kano, Nigeria",2024-07-02,27.2,22.5,76.1,12.8,51.7,221.1,19,2024-07-02 6:05:54,2024-07-02 18:54:32,0.87,Partially cloudy,Partly cloudy throughout the day.,partly-cloudy-day
"Kano, Nigeria",2024-07-03,27.6,22.9,76.6,10.3,35.1,276.7,24,2024-07-03 6:06:10,2024-07-03 18:54:38,0.91,"Rain, Partially cloudy",Partly cloudy throughout the day with afternoon rain.,rain
"Kano, Nigeria",2024-07-04,27.7,22.4,73.2,15,58.5,244.7,21,2024-07-04 6:06:26,2024-07-04 18:54:43,0.95,"Rain, Partially cloudy",Partly cloudy throughout the day with late afternoon rain.,rain
"Kano, Nigeria",2024-07-05,26.4,22.6,80,11.4,52.9,148.2,12.7,2024-07-05 6:06:42,2024-07-05 18:54:47,0,"Rain, Partially cloudy",Partly cloudy throughout the day with rain in the morning and afternoon.,rain
"Kano, Nigeria",2024-07-06,27.8,22.1,72.6,17,56.4,213.1,18.4,2024-07-06 6:06:58,2024-07-06 18:54:51,0.02,Partially cloudy,Partly cloudy throughout the day.,partly-cloudy-day
"Kano, Nigeria",2024-07-07,26.3,22.2,78.3,13.9,84.7,124.9,10.7,2024-07-07 6:07:14,2024-07-07 18:54:54,0.05,Partially cloudy,Partly cloudy throughout the day.,partly-cloudy-day
"Kano, Nigeria",2024-07-08,27.1,22.2,75.3,16.1,47.7,285.9,24.7,2024-07-08 6:07:30,2024-07-08 18:54:56,0.08,Partially cloudy,Partly cloudy throughout the day.,partly-cloudy-day
"Kano, Nigeria",2024-07-09,28.3,22.5,71.6,13.9,67.9,285,24.5,2024-07-09 6:07:47,2024-07-09 18:54:57,0.11,Partially cloudy,Partly cloudy throughout the day.,partly-cloudy-day
"Kano, Nigeria",2024-07-10,27.4,22.1,73.8,13.9,66.8,248.7,21.5,2024-07-10 6:08:03,2024-07-10 18:54:57,0.15,"Rain, Partially cloudy",Partly cloudy throughout the day with late afternoon rain.,rain
"Kano, Nigeria",2024-07-11,26.9,22.2,77.3,15,78.2,270.7,23.3,2024-07-11 6:08:19,2024-07-11 18:54:57,0.18,"Rain, Partially cloudy",Partly cloudy throughout the day with rain.,rain
"Kano, Nigeria",2024-07-12,27.7,22.8,75.7,13.9,63.9,270.9,23.5,2024-07-12 6:08:35,2024-07-12 18:54:56,0.21,"Rain, Partially cloudy",Partly cloudy throughout the day with rain.,rain
"Kano, Nigeria",2024-07-13,27.2,22.8,77.3,13.9,63.9,253.6,21.9,2024-07-13 6:08:50,2024-07-13 18:54:54,0.25,"Rain, Partially cloudy",Partly cloudy throughout the day with rain.,rain
"Kano, Nigeria",2024-07-14,27,22.8,78.9,12.8,77.5,231.3,20.1,2024-07-14 6:09:06,2024-07-14 18:54:51,0.27,"Rain, Partially cloudy",Partly cloudy throughout the day with a chance of rain throughout the day.,rain
"Kano, Nigeria",2024-07-15,25.7,23.3,87.1,13.9,71.1,225.5,19.5,2024-07-15 6:09:22,2024-07-15 18:54:47,0.31,"Rain, Partially cloudy",Partly cloudy throughout the day with rain.,rain
"Kano, Nigeria",2024-07-16,26.1,22.6,82.2,7.6,88.4,173.4,14.9,2024-07-16 6:09:37,2024-07-16 18:54:43,0.34,"Rain, Partially cloudy",Partly cloudy throughout the day with early morning rain.,rain
"Kano, Nigeria",2024-07-17,27.4,23.1,78.6,12.8,77.8,282,24.5,2024-07-17 6:09:52,2024-07-17 18:54:37,0.37,"Rain, Partially cloudy",Partly cloudy throughout the day with afternoon rain.,rain
"Kano, Nigeria",2024-07-18,28.3,23.4,75.9,10.1,83.5,280.8,24.4,2024-07-18 6:10:07,2024-07-18 18:54:31,0.4,"Rain, Partially cloudy",Partly cloudy throughout the day with afternoon rain.,rain
"Kano, Nigeria",2024-07-19,24.8,21.9,84.3,12.8,84,138.7,12,2024-07-19 6:10:22,2024-07-19 18:54:24,0.44,"Rain, Partially cloudy",Partly cloudy throughout the day with a chance of rain throughout the day.,rain
"Kano, Nigeria",2024-07-20,25.2,22.5,84.9,9.8,86.5,202.1,17.6,2024-07-20 6:10:37,2024-07-20 18:54:16,0.47,"Rain, Partially cloudy",Partly cloudy throughout the day with a chance of rain throughout the day.,rain
"Kano, Nigeria",2024-07-21,25.3,23,87,11,82.2,178.1,15.4,2024-07-21 6:10:51,2024-07-21 18:54:07,0.5,"Rain, Partially cloudy",Partly cloudy throughout the day with a chance of rain throughout the day.,rain
"Kano, Nigeria",2024-07-22,25.8,22.7,83.7,10.3,72.2,218.6,18.9,2024-07-22 6:11:05,2024-07-22 18:53:57,0.54,"Rain, Partially cloudy",Partly cloudy throughout the day with a chance of rain throughout the day.,rain
"Kano, Nigeria",2024-07-23,27.1,23.1,79.4,10.3,80.8,271.3,23.5,2024-07-23 6:11:19,2024-07-23 18:53:46,0.57,"Rain, Partially cloudy",Partly cloudy throughout the day with late afternoon rain.,rain
"Kano, Nigeria",2024-07-24,24.5,22.4,87.9,7.2,95.7,108.6,9.4,2024-07-24 6:11:32,2024-07-24 18:53:35,0.61,"Rain, Overcast",Cloudy skies throughout the day with rain.,rain
"Kano, Nigeria",2024-07-25,26.1,22.8,83.1,11.4,64.4,220.3,18.8,2024-07-25 6:11:45,2024-07-25 18:53:22,0.64,"Rain, Partially cloudy",Partly cloudy throughout the day with rain.,rain
"Kano, Nigeria",2024-07-26,26.8,22.8,79.6,14.1,66.6,220.4,18.9,2024-07-26 6:11:58,2024-07-26 18:53:09,0.68,"Rain, Partially cloudy",Partly cloudy throughout the day with a chance of rain throughout the day.,rain
"Kano, Nigeria",2024-07-27,26.7,23.2,81.9,19.7,70.1,246,21.2,2024-07-27 6:12:10,2024-07-27 18:52:55,0.71,"Rain, Partially cloudy",Partly cloudy throughout the day with rain.,rain
"Kano, Nigeria",2024-07-28,24.1,22.4,90.6,11,90.8,81.4,6.9,2024-07-28 6:12:23,2024-07-28 18:52:40,0.75,"Rain, Overcast",Cloudy skies throughout the day with a chance of rain throughout the day.,rain
"Kano, Nigeria",2024-07-29,26.4,22.3,79.1,12.1,89.9,192.5,16.5,2024-07-29 6:12:34,2024-07-29 18:52:24,0.79,"Rain, Partially cloudy",Partly cloudy throughout the day with afternoon rain.,rain
"Kano, Nigeria",2024-07-30,27.4,22.9,77.2,13.2,40.1,264.1,22.8,2024-07-30 6:12:46,2024-07-30 18:52:07,0.82,"Rain, Partially cloudy",Partly cloudy throughout the day with afternoon rain.,rain
"Kano, Nigeria",2024-07-31,26.9,22.4,77.1,15,79.2,208.6,18,2024-07-31 6:12:57,2024-07-31 18:51:50,0.86,"Rain, Partially cloudy",Partly cloudy throughout the day with rain.,rain
"Kano, Nigeria",2024-08-01,26.5,22.6,79.8,9.2,94.4,123.4,10.6,2024-08-01 6:13:08,2024-08-01 18:51:31,0.89,"Rain, Overcast",Cloudy skies throughout the day with rain.,rain
"Kano, Nigeria",2024-08-02,26.6,22.3,78,12.8,80.3,248.3,21.5,2024-08-02 6:13:18,2024-08-02 18:51:12,0.93,"Rain, Partially cloudy",Partly cloudy throughout the day with a chance of rain throughout the day.,rain
"Kano, Nigeria",2024-08-03,26.6,22.3,78,12.1,64.3,206.7,18,2024-08-03 6:13:28,2024-08-03 18:50:52,0.96,"Rain, Partially cloudy",Partly cloudy throughout the day with a chance of rain throughout the day.,rain
"Kano, Nigeria",2024-08-04,26.4,22.2,78.4,14.5,71.2,214,18.5,2024-08-04 6:13:37,2024-08-04 18:50:31,0,"Rain, Partially cloudy",Partly cloudy throughout the day with rain.,rain
"Kano, Nigeria",2024-08-05,26.5,22.5,78.9,13.6,71.4,274.6,23.7,2024-08-05 6:13:47,2024-08-05 18:50:09,0.03,"Rain, Partially cloudy",Partly cloudy throughout the day with rain.,rain
"Kano, Nigeria",2024-08-06,25.6,22.3,82.2,13,93.8,205,17.8,2024-08-06 6:13:55,2024-08-06 18:49:47,0.07,"Rain, Overcast",Cloudy skies throughout the day with rain.,rain
"Kano, Nigeria",2024-08-07,25.4,21.9,81.7,17.2,83.2,177.8,15.2,2024-08-07 6:14:04,2024-08-07 18:49:24,0.1,"Rain, Partially cloudy",Partly cloudy throughout the day with rain.,rain
"Kano, Nigeria",2024-08-08,26.5,22.3,78.7,15,82.1,237.1,20.6,2024-08-08 6:14:12,2024-08-08 18:49:00,0.13,"Rain, Partially cloudy",Partly cloudy throughout the day with rain.,rain
"Kano, Nigeria",2024-08-09,24.7,22.2,85.8,10.5,76.7,89.6,7.8,2024-08-09 6:14:19,2024-08-09 18:48:35,0.16,"Rain, Partially cloudy",Partly cloudy throughout the day with afternoon rain.,rain
"Kano, Nigeria",2024-08-10,25.1,22.3,85.4,13.9,79.8,226.4,19.5,2024-08-10 6:14:27,2024-08-10 18:48:09,0.2,"Rain, Partially cloudy",Partly cloudy throughout the day with rain.,rain
"Kano, Nigeria",2024-08-11,26.3,22.6,81.1,13.9,75.6,166.8,14.4,2024-08-11 6:14:33,2024-08-11 18:47:43,0.23,"Rain, Partially cloudy",Partly cloudy throughout the day with rain.,rain
"Kano, Nigeria",2024-08-12,25.2,23.1,88.8,13.9,87,181.6,15.7,2024-08-12 6:14:40,2024-08-12 18:47:16,0.25,"Rain, Partially cloudy",Partly cloudy throughout the day with a chance of rain throughout the day.,rain
"Kano, Nigeria",2024-08-13,24,22.3,90.7,15,72.7,128.6,11.2,2024-08-13 6:14:46,2024-08-13 18:46:48,0.29,"Rain, Partially cloudy",Partly cloudy throughout the day with a chance of rain throughout the day.,rain
"Kano, Nigeria",2024-08-14,26.1,22.6,81.7,13.9,80.2,250.8,21.6,2024-08-14 6:14:51,2024-08-14 18:46:19,0.33,"Rain, Partially cloudy",Partly cloudy throughout the day with rain.,rain
"Kano, Nigeria",2024-08-15,24.8,22.8,89,11.4,90.5,173.5,15,2024-08-15 6:14:57,2024-08-15 18:45:50,0.36,"Rain, Overcast",Cloudy skies throughout the day with rain.,rain
"Kano, Nigeria",2024-08-16,23.6,22.3,92.7,13.9,86,68.2,5.9,2024-08-16 6:15:02,2024-08-16 18:45:20,0.39,"Rain, Partially cloudy",Partly cloudy throughout the day with morning rain.,rain
"Kano, Nigeria",2024-08-17,25.6,22.5,83.8,11.4,63,235.1,20.3,2024-08-17 6:15:06,2024-08-17 18:44:50,0.42,"Rain, Partially cloudy",Partly cloudy throughout the day with rain.,rain
"Kano, Nigeria",2024-08-18,27.1,23.2,80.2,9.2,83.8,254.9,22,2024-08-18 6:15:10,2024-08-18 18:44:19,0.46,"Rain, Partially cloudy",Partly cloudy throughout the day with rain.,rain
"Kano, Nigeria",2024-08-19,23.7,21.9,89.6,15,77.2,149.1,12.9,2024-08-19 6:15:14,2024-08-19 18:43:47,0.5,"Rain, Partially cloudy",Partly cloudy throughout the day with late afternoon rain.,rain
"Kano, Nigeria",2024-08-20,24.8,22.1,85.3,11.4,75.3,135.3,11.9,2024-08-20 6:15:18,2024-08-20 18:43:15,0.52,"Rain, Partially cloudy",Partly cloudy throughout the day with a chance of rain throughout the day.,rain
"Kano, Nigeria",2024-08-21,25.5,22.4,83.4,11.4,70,204.3,17.6,2024-08-21 6:15:21,2024-08-21 18:42:42,0.56,"Rain, Partially cloudy",Partly cloudy throughout the day with late afternoon rain.,rain
"Kano, Nigeria",2024-08-22,24.9,22.3,86,10.3,77,203.5,17.5,2024-08-22 6:15:24,2024-08-22 18:42:09,0.59,"Rain, Partially cloudy",Partly cloudy throughout the day with rain.,rain
"Kano, Nigeria",2024-08-23,24.7,22,85.7,9.2,69.1,155.5,13.6,2024-08-23 6:15:26,2024-08-23 18:41:35,0.63,"Rain, Partially cloudy",Partly cloudy throughout the day with early morning rain.,rain
"Kano, Nigeria",2024-08-24,25.8,21.8,79.1,11.4,75.1,187.8,16.4,2024-08-24 6:15:28,2024-08-24 18:41:00,0.66,Partially cloudy,Partly cloudy throughout the day.,partly-cloudy-day
"Kano, Nigeria",2024-08-25,26.1,22.7,82.6,12.8,73,254.3,21.9,2024-08-25 6:15:30,2024-08-25 18:40:25,0.7,"Rain, Partially cloudy",Partly cloudy throughout the day with rain.,rain
"Kano, Nigeria",2024-08-26,24.3,22.2,88.1,13.9,72.5,150.3,12.9,2024-08-26 6:15:32,2024-08-26 18:39:49,0.75,"Rain, Partially cloudy",Partly cloudy throughout the day with afternoon rain.,rain
"Kano, Nigeria",2024-08-27,25.7,22.4,82.9,12.8,72.8,188.3,16.2,2024-08-27 6:15:33,2024-08-27 18:39:13,0.77,"Rain, Partially cloudy",Partly cloudy throughout the day with rain.,rain
"Kano, Nigeria",2024-08-28,26.2,22.5,81,15,72.7,225.8,19.5,2024-08-28 6:15:34,2024-08-28 18:38:37,0.8,"Rain, Partially cloudy",Partly cloudy throughout the day with rain in the morning and afternoon.,rain
"Kano, Nigeria",2024-08-29,25.4,22.7,85.5,12.8,67.9,195.1,16.9,2024-08-29 6:15:35,2024-08-29 18:38:00,0.84,"Rain, Partially cloudy",Partly cloudy throughout the day with late afternoon rain.,rain
"Kano, Nigeria",2024-08-30,23.8,22.6,93.1,14.8,92.4,33.2,3,2024-08-30 6:15:35,2024-08-30 18:37:23,0.87,"Rain, Overcast",Cloudy skies throughout the day with a chance of rain throughout the day.,rain
"Kano, Nigeria",2024-08-31,25.5,22.1,82.1,13.9,77,149.4,12.7,2024-08-31 6:15:35,2024-08-31 18:36:45,0.91,"Rain, Partially cloudy",Partly cloudy throughout the day with rain in the morning and afternoon.,rain
"Kano, Nigeria",2024-09-01,25.4,22.1,82.3,11.4,65,211.4,18.4,2024-09-01 6:15:35,2024-09-01 18:36:07,0.94,Partially cloudy,Partly cloudy throughout the day.,partly-cloudy-day
"Kano, Nigeria",2024-09-02,26.7,21.3,74.3,10.3,89.5,255.3,22.1,2024-09-02 6:15:35,2024-09-02 18:35:29,0.98,Partially cloudy,Partly cloudy throughout the day.,partly-cloudy-day
"Kano, Nigeria",2024-09-03,24.6,22.2,86.9,11.4,89,50.8,4.4,2024-09-03 6:15:35,2024-09-03 18:34:50,0,"Rain, Partially cloudy",Partly cloudy throughout the day with rain.,rain
"Kano, Nigeria",2024-09-04,25.3,22.3,84.6,8.5,64.6,254.7,22,2024-09-04 6:15:34,2024-09-04 18:34:11,0.05,"Rain, Partially cloudy",Partly cloudy throughout the day with rain.,rain
"Kano, Nigeria",2024-09-05,25.5,22.8,85.7,4.7,61.7,260.1,22.5,2024-09-05 6:15:33,2024-09-05 18:33:31,0.08,"Rain, Partially cloudy",Partly cloudy throughout the day with a chance of rain throughout the day.,rain
"Kano, Nigeria",2024-09-06,23.4,22.3,94,6.9,97.9,146.7,12.7,2024-09-06 6:15:32,2024-09-06 18:32:52,0.11,"Rain, Overcast",Cloudy skies throughout the day with a chance of rain throughout the day.,rain
"Kano, Nigeria",2024-09-07,25.8,22.5,83.7,5.8,63.2,214.4,18.5,2024-09-07 6:15:31,2024-09-07 18:32:12,0.15,"Rain, Partially cloudy",Partly cloudy throughout the day with a chance of rain throughout the day.,rain
"Kano, Nigeria",2024-09-08,26.8,23.4,82.3,4.5,43.8,265.3,23,2024-09-08 6:15:30,2024-09-08 18:31:32,0.18,"Rain, Partially cloudy",Partly cloudy throughout the day with rain.,rain
"Kano, Nigeria",2024-09-09,27.8,23.7,80,4.5,24.7,268.9,23.3,2024-09-09 6:15:29,2024-09-09 18:30:51,0.21,"Rain, Partially cloudy",Partly cloudy throughout the day with rain.,rain
"Kano, Nigeria",2024-09-10,28.8,23.1,73.1,5.1,24.7,286.2,24.8,2024-09-10 6:15:27,2024-09-10 18:30:11,0.25,"Rain, Partially cloudy",Partly cloudy throughout the day with rain.,rain
"Kano, Nigeria",2024-09-11,27.6,23.3,78.5,6.7,60,263,22.7,2024-09-11 6:15:26,2024-09-11 18:29:30,0.25,"Rain, Partially cloudy",Partly cloudy throughout the day with a chance of rain throughout the day.,rain
"Kano, Nigeria",2024-09-12,27.2,23.5,80.9,7.4,44.7,250.8,21.7,2024-09-12 6:15:24,2024-09-12 18:28:50,0.31,"Rain, Partially cloudy",Partly cloudy throughout the day with rain.,rain
"Kano, Nigeria",2024-09-13,27.1,22.9,79.4,6,75,262.9,22.7,2024-09-13 6:15:22,2024-09-13 18:28:09,0.35,"Rain, Partially cloudy",Partly cloudy throughout the day with a chance of rain throughout the day.,rain
"Kano, Nigeria",2024-09-14,27.6,22.9,76.3,5.4,66.3,219.9,19,2024-09-14 6:15:21,2024-09-14 18:27:28,0.38,"Rain, Partially cloudy",Partly cloudy throughout the day with early morning rain.,rain
"Kano, Nigeria",2024-09-15,28.1,23.5,77.7,11.4,25.2,282.2,24.5,2024-09-15 6:15:19,2024-09-15 18:26:47,0.41,"Rain, Partially cloudy",Partly cloudy throughout the day with late afternoon rain.,rain
"Kano, Nigeria",2024-09-16,25.9,23.2,85.2,8.7,65.4,244.3,21.2,2024-09-16 6:15:17,2024-09-16 18:26:05,0.45,"Rain, Partially cloudy",Partly cloudy throughout the day with afternoon rain.,rain
"Kano, Nigeria",2024-09-17,26.5,22.5,80.2,5.8,45.2,276,23.8,2024-09-17 6:15:16,2024-09-17 18:25:24,0.48,"Rain, Partially cloudy",Partly cloudy throughout the day with rain.,rain
"Kano, Nigeria",2024-09-18,26.7,22.8,80.6,5.6,66.7,244,21.1,2024-09-18 6:15:14,2024-09-18 18:24:43,0.5,"Rain, Partially cloudy",Clearing in the afternoon with a chance of rain throughout the day.,rain
"Kano, Nigeria",2024-09-19,27.3,22.8,78.1,6.3,33.7,239.6,20.8,2024-09-19 6:15:12,2024-09-19 18:24:02,0.55,Partially cloudy,Partly cloudy throughout the day.,partly-cloudy-day
"Kano, Nigeria",2024-09-20,26.7,22.3,78,8.1,41.4,269.8,23.3,2024-09-20 6:15:11,2024-09-20 18:23:21,0.58,"Rain, Partially cloudy",Partly cloudy throughout the day with rain.,rain
"Kano, Nigeria",2024-09-21,25.8,22.3,82.4,9.4,71.7,255.8,22.2,2024-09-21 6:15:09,2024-09-21 18:22:40,0.61,"Rain, Partially cloudy",Partly cloudy throughout the day with a chance of rain throughout the day.,rain
"Kano, Nigeria",2024-09-22,26.2,23.1,84.3,6.9,68.5,252.7,21.9,2024-09-22 6:15:08,2024-09-22 18:21:59,0.65,"Rain, Partially cloudy",Partly cloudy throughout the day with a chance of rain throughout the day.,rain
"Kano, Nigeria",2024-09-23,25.5,22,82.1,6.7,80.9,280.9,24.4,2024-09-23 6:15:07,2024-09-23 18:21:18,0.68,"Rain, Partially cloudy",Partly cloudy throughout the day with rain.,rain
"Kano, Nigeria",2024-09-24,26.2,21.8,78.5,5.1,78.6,277,23.9,2024-09-24 6:15:06,2024-09-24 18:20:37,0.75,"Rain, Partially cloudy",Partly cloudy throughout the day with rain.,rain
"Kano, Nigeria",2024-09-25,27.3,22.3,75.9,5.8,30.7,264.1,22.7,2024-09-25 6:15:04,2024-09-25 18:19:57,0.75,Partially cloudy,Partly cloudy throughout the day.,partly-cloudy-day
"Kano, Nigeria",2024-09-26,28.9,22.9,72.7,4.7,18.1,283.8,24.6,2024-09-26 6:15:04,2024-09-26 18:19:16,0.78,Rain,Clear conditions throughout the day with afternoon rain.,rain
"Kano, Nigeria",2024-09-27,28.3,23.8,77.6,6.9,77,267.6,23.1,2024-09-27 6:15:03,2024-09-27 18:18:36,0.82,"Rain, Partially cloudy",Partly cloudy throughout the day with rain.,rain
"Kano, Nigeria",2024-09-28,27.6,22.8,76.5,5.6,83.6,273.9,23.6,2024-09-28 6:15:03,2024-09-28 18:17:56,0.85,"Rain, Partially cloudy",Partly cloudy throughout the day with rain.,rain
"Kano, Nigeria",2024-09-29,27.1,23.4,80.8,6,73.5,248.8,21.7,2024-09-29 6:15:02,2024-09-29 18:17:17,0.89,"Rain, Partially cloudy",Partly cloudy throughout the day with rain in the morning and afternoon.,rain
"Kano, Nigeria",2024-09-30,29,23.5,73.8,5.4,16.8,274,23.7,2024-09-30 6:15:02,2024-09-30 18:16:37,0.92,Rain,Clear conditions throughout the day with rain.,rain
"Kano, Nigeria",2024-10-01,27.7,23.1,77.2,7.4,20.9,261.1,22.4,2024-10-01 6:15:03,2024-10-01 18:15:58,0.95,"Rain, Partially cloudy",Partly cloudy throughout the day with afternoon rain.,rain
"Kano, Nigeria",2024-10-02,28.8,18.8,58.6,11.6,69.8,270.2,23.5,2024-10-02 6:15:03,2024-10-02 18:15:19,0,Partially cloudy,Partly cloudy throughout the day.,partly-cloudy-day
"Kano, Nigeria",2024-10-03,27,21.8,75.2,15,57.2,263.7,22.8,2024-10-03 6:15:04,2024-10-03 18:14:41,0.02,"Rain, Partially cloudy",Partly cloudy throughout the day with afternoon rain.,rain
"Kano, Nigeria",2024-10-04,26.2,22.9,82.7,12.8,76.8,167.6,14.5,2024-10-04 6:15:05,2024-10-04 18:14:03,0.06,"Rain, Partially cloudy",Partly cloudy throughout the day with rain.,rain
"Kano, Nigeria",2024-10-05,25.6,21,77,11.4,78,207.4,18,2024-10-05 6:15:06,2024-10-05 18:13:25,0.09,"Rain, Partially cloudy",Partly cloudy throughout the day with rain.,rain
"Kano, Nigeria",2024-10-06,26.1,22.5,81.4,17.2,69.3,232.6,20,2024-10-06 6:15:08,2024-10-06 18:12:48,0.13,"Rain, Partially cloudy",Partly cloudy throughout the day with rain.,rain
"Kano, Nigeria",2024-10-07,27.2,23.3,81,9.2,60.1,256.3,22.1,2024-10-07 6:15:10,2024-10-07 18:12:11,0.16,"Rain, Partially cloudy",Partly cloudy throughout the day with afternoon rain.,rain
"Kano, Nigeria",2024-10-08,28,22.8,75.3,8.1,35.1,275,23.7,2024-10-08 6:15:13,2024-10-08 18:11:35,0.19,"Rain, Partially cloudy",Partly cloudy throughout the day with late afternoon rain.,rain
"Kano, Nigeria",2024-10-09,27.8,22.8,75,6.9,25.8,269.8,23.3,2024-10-09 6:15:16,2024-10-09 18:10:59,0.23,"Rain, Partially cloudy",Partly cloudy throughout the day with afternoon rain.,rain
"Kano, Nigeria",2024-10-10,28.2,21.9,70.1,9.2,52.9,263.1,22.9,2024-10-10 6:15:19,2024-10-10 18:10:23,0.25,Partially cloudy,Partly cloudy throughout the day.,partly-cloudy-day
"Kano, Nigeria",2024-10-11,28.3,21.9,71.4,5.4,46.3,278.1,23.9,2024-10-11 6:15:23,2024-10-11 18:09:49,0.3,Partially cloudy,Partly cloudy throughout the day.,partly-cloudy-day
"Kano, Nigeria",2024-10-12,27.9,22,72.2,17.2,77.3,269.9,23.3,2024-10-12 6:15:27,2024-10-12 18:09:14,0.33,Partially cloudy,Partly cloudy throughout the day.,partly-cloudy-day
"Kano, Nigeria",2024-10-13,27.8,19.7,63.3,13,64.5,252.9,22,2024-10-13 6:15:31,2024-10-13 18:08:41,0.36,Partially cloudy,Partly cloudy throughout the day.,partly-cloudy-day
"Kano, Nigeria",2024-10-14,26.8,20.9,71.3,11.4,54.3,255.4,22,2024-10-14 6:15:36,2024-10-14 18:08:07,0.4,Partially cloudy,Partly cloudy throughout the day.,partly-cloudy-day
"Kano, Nigeria",2024-10-15,27.5,21.4,71,10.3,59.9,233.3,20.1,2024-10-15 6:15:42,2024-10-15 18:07:35,0.43,Partially cloudy,Partly cloudy throughout the day.,partly-cloudy-day
"Kano, Nigeria",2024-10-16,28.2,21.2,68.8,8.1,42.5,271.8,23.4,2024-10-16 6:15:48,2024-10-16 18:07:03,0.47,Partially cloudy,Partly cloudy throughout the day.,partly-cloudy-day
"Kano, Nigeria",2024-10-17,28.4,20.8,65.4,10.3,74.2,252.9,21.9,2024-10-17 6:15:54,2024-10-17 18:06:32,0.5,Partially cloudy,Partly cloudy throughout the day.,partly-cloudy-day
"Kano, Nigeria",2024-10-18,28.8,21.3,65.7,9.2,64.7,231.1,19.9,2024-10-18 6:16:01,2024-10-18 18:06:02,0.53,Partially cloudy,Partly cloudy throughout the day.,partly-cloudy-day
"Kano, Nigeria",2024-10-19,28.2,19.2,61.5,8.1,29.2,277.6,24,2024-10-19 6:16:09,2024-10-19 18:05:32,0.57,Partially cloudy,Partly cloudy throughout the day.,partly-cloudy-day
"Kano, Nigeria",2024-10-20,27.6,18.3,61.6,5.8,36.5,281.4,24.3,2024-10-20 6:16:17,2024-10-20 18:05:03,0.6,Partially cloudy,Partly cloudy throughout the day.,partly-cloudy-day
"Kano, Nigeria",2024-10-21,29.6,16.6,48.1,10.3,38.1,238.5,20.6,2024-10-21 6:16:26,2024-10-21 18:04:35,0.63,Partially cloudy,Clearing in the afternoon.,partly-cloudy-day
"Kano, Nigeria",2024-10-22,28.4,21.5,69.2,7.2,84.3,242.2,20.9,2024-10-22 6:16:35,2024-10-22 18:04:07,0.67,"Rain, Partially cloudy",Partly cloudy throughout the day with early morning rain.,rain
"Kano, Nigeria",2024-10-23,27.6,18,61.2,12.8,75.4,276.7,23.9,2024-10-23 6:16:45,2024-10-23 18:03:41,0.7,Partially cloudy,Partly cloudy throughout the day.,partly-cloudy-day
"Kano, Nigeria",2024-10-24,25.8,13.5,51.1,13.9,67.4,277.1,24,2024-10-24 6:16:56,2024-10-24 18:03:15,0.75,Partially cloudy,Partly cloudy throughout the day.,partly-cloudy-day
"Kano, Nigeria",2024-10-25,25.2,14.4,54.8,10.3,57.1,234.4,20.3,2024-10-25 6:17:07,2024-10-25 18:02:50,0.77,Partially cloudy,Partly cloudy throughout the day.,partly-cloudy-day
"Kano, Nigeria",2024-10-26,25.3,13.2,49.9,17.2,48.6,278.4,24.2,2024-10-26 6:17:18,2024-10-26 18:02:26,0.8,Partially cloudy,Partly cloudy throughout the day.,partly-cloudy-day
"Kano, Nigeria",2024-10-27,23.8,12.7,55.4,15,17.7,280.5,24.4,2024-10-27 6:17:31,2024-10-27 18:02:03,0.83,Clear,Clear conditions throughout the day.,clear-day
"Kano, Nigeria",2024-10-28,24.4,8.3,43,12.8,35.1,262.9,22.6,2024-10-28 6:17:44,2024-10-28 18:01:40,0.86,Partially cloudy,Partly cloudy throughout the day.,partly-cloudy-day
"Kano, Nigeria",2024-10-29,25,11.2,46.7,13.9,27.9,277.3,24.1,2024-10-29 6:17:57,2024-10-29 18:01:19,0.9,Partially cloudy,Partly cloudy throughout the day.,partly-cloudy-day
"Kano, Nigeria",2024-10-30,24.5,11.1,48.9,12.8,8.8,277.9,24.1,2024-10-30 6:18:11,2024-10-30 18:00:58,0.93,Clear,Clear conditions throughout the day.,clear-day
"Kano, Nigeria",2024-10-31,22.1,12.8,59.1,12.8,22.3,279.6,24.3,2024-10-31 6:18:26,2024-10-31 18:00:39,0.96,Partially cloudy,Partly cloudy throughout the day.,partly-cloudy-day
"Kano, Nigeria",2024-11-01,24,11.3,51.3,12.8,26.7,279.4,24.3,2024-11-01 6:18:42,2024-11-01 18:00:20,0,Partially cloudy,Partly cloudy throughout the day.,partly-cloudy-day
"Kano, Nigeria",2024-11-02,24.1,10.2,45.3,11.4,27.8,279.4,24.3,2024-11-02 6:18:58,2024-11-02 18:00:03,0.03,Partially cloudy,Clearing in the afternoon.,partly-cloudy-day
"Kano, Nigeria",2024-11-03,22.8,9.7,49,12.8,53,275.2,23.7,2024-11-03 6:19:15,2024-11-03 17:59:46,0.07,Partially cloudy,Clearing in the afternoon.,partly-cloudy-day
"Kano, Nigeria",2024-11-04,21.9,10.3,54,15,30.7,276.4,24,2024-11-04 6:19:32,2024-11-04 17:59:31,0.1,Partially cloudy,Partly cloudy throughout the day.,partly-cloudy-day
"Kano, Nigeria",2024-11-05,22.6,10.3,50.8,12.8,18.3,277.3,24.1,2024-11-05 6:19:50,2024-11-05 17:59:16,0.14,Clear,Clear conditions throughout the day.,clear-day
"Kano, Nigeria",2024-11-06,22.3,10.2,51.8,11.4,11.3,274.3,23.5,2024-11-06 6:20:09,2024-11-06 17:59:03,0.17,Clear,Clear conditions throughout the day.,clear-day
"Kano, Nigeria",2024-11-07,24,9.8,43,13.9,27.7,265.6,23,2024-11-07 6:20:29,2024-11-07 17:58:50,0.21,Partially cloudy,Partly cloudy throughout the day.,partly-cloudy-day
"Kano, Nigeria",2024-11-08,23.5,11.6,50.8,17.2,30.5,262.7,22.6,2024-11-08 6:20:49,2024-11-08 17:58:39,0.24,Partially cloudy,Partly cloudy throughout the day.,partly-cloudy-day
"Kano, Nigeria",2024-11-09,21.9,9.2,50,18.3,25.7,267.6,23.2,2024-11-09 6:21:09,2024-11-09 17:58:29,0.25,Partially cloudy,Partly cloudy throughout the day.,partly-cloudy-day
"Kano, Nigeria",2024-11-10,20.4,10.6,57.9,13.9,60.7,264.8,22.9,2024-11-10 6:21:31,2024-11-10 17:58:20,0.31,Partially cloudy,Partly cloudy throughout the day.,partly-cloudy-day
"Kano, Nigeria",2024-11-11,22.4,9.9,49.4,17.2,8,266.5,23.1,2024-11-11 6:21:53,2024-11-11 17:58:12,0.35,Clear,Clear conditions throughout the day.,clear-day
"Kano, Nigeria",2024-11-12,23.2,9.8,45.9,16.1,6.7,263.4,22.6,2024-11-12 6:22:16,2024-11-12 17:58:05,0.38,Clear,Clear conditions throughout the day.,clear-day
"Kano, Nigeria",2024-11-13,24.7,11.9,48.6,12.8,14.6,260.2,22.4,2024-11-13 6:22:39,2024-11-13 17:57:59,0.42,Clear,Clear conditions throughout the day.,clear-day
"Kano, Nigeria",2024-11-14,23.5,10.4,48.3,16.1,7.5,263.5,22.8,2024-11-14 6:23:03,2024-11-14 17:57:54,0.45,Clear,Clear conditions throughout the day.,clear-day
"Kano, Nigeria",2024-11-15,23,9.4,48,19.7,13.8,267.5,23.1,2024-11-15 6:23:27,2024-11-15 17:57:50,0.5,Clear,Clear conditions throughout the day.,clear-day
"Kano, Nigeria",2024-11-16,21.4,6.8,45,17.2,7.5,268.7,23.2,2024-11-16 6:23:52,2024-11-16 17:57:48,0.52,Clear,Clear conditions throughout the day.,clear-day
"Kano, Nigeria",2024-11-17,22.8,1.7,28.9,17.2,14.7,250.8,21.6,2024-11-17 6:24:18,2024-11-17 17:57:46,0.55,Clear,Clear conditions throughout the day.,clear-day
"Kano, Nigeria",2024-11-18,21.2,7.4,45.4,11.4,2.6,266.4,23.1,2024-11-18 6:24:44,2024-11-18 17:57:46,0.58,Clear,Clear conditions throughout the day.,clear-day
"Kano, Nigeria",2024-11-19,23.2,6.2,36.9,16.1,3,261.2,22.5,2024-11-19 6:25:11,2024-11-19 17:57:47,0.62,Clear,Clear conditions throughout the day.,clear-day
"Kano, Nigeria",2024-11-20,22.4,6.8,39.5,17.2,14.7,262.1,22.8,2024-11-20 6:25:38,2024-11-20 17:57:49,0.65,Clear,Clear conditions throughout the day.,clear-day
"Kano, Nigeria",2024-11-21,21.5,6.9,39.9,8.9,0,266.5,23,2024-11-21 6:26:06,2024-11-21 17:57:52,0.68,Clear,Clear conditions throughout the day.,clear-day
"Kano, Nigeria",2024-11-22,22.6,-0.5,26,15,60.7,244.8,21.2,2024-11-22 6:26:34,2024-11-22 17:57:56,0.71,Partially cloudy,Partly cloudy throughout the day.,partly-cloudy-day
"Kano, Nigeria",2024-11-23,20.3,7.2,49.3,16.1,17.3,263.4,22.8,2024-11-23 6:27:02,2024-11-23 17:58:01,0.75,Clear,Clear conditions throughout the day.,clear-day
"Kano, Nigeria",2024-11-24,20.5,6.9,46.8,13.9,3.3,262.5,22.8,2024-11-24 6:27:32,2024-11-24 17:58:08,0.78,Clear,Clear conditions throughout the day.,clear-day
"Kano, Nigeria",2024-11-25,21.8,5.1,40.1,15,2.7,261.2,22.7,2024-11-25 6:28:01,2024-11-25 17:58:15,0.81,Clear,Clear conditions throughout the day.,clear-day
"Kano, Nigeria",2024-11-26,20.9,7,44.4,13.9,12.5,256.9,22.1,2024-11-26 6:28:31,2024-11-26 17:58:24,0.84,Clear,Clear conditions throughout the day.,clear-day
"Kano, Nigeria",2024-11-27,19.7,8.1,51.4,13.9,18.9,256.2,22,2024-11-27 6:29:01,2024-11-27 17:58:33,0.88,Clear,Clear conditions throughout the day.,clear-day
"Kano, Nigeria",2024-11-28,18.3,6.4,49.8,16.1,5,258,22,2024-11-28 6:29:32,2024-11-28 17:58:44,0.91,Clear,Clear conditions throughout the day.,clear-day
"Kano, Nigeria",2024-11-29,18.4,5,46.9,16.1,9,258,22,2024-11-29 6:30:03,2024-11-29 17:58:56,0.94,Clear,Clear conditions throughout the day.,clear-day
"Kano, Nigeria",2024-11-30,17.3,7,54.3,16.1,24.2,246.2,21.2,2024-11-30 6:30:34,2024-11-30 17:59:09,0.97,Partially cloudy,Partly cloudy throughout the day.,partly-cloudy-day
"Kano, Nigeria",2024-12-01,21.1,5.4,39.2,13.9,75.9,240.3,20.5,2024-12-01 6:31:06,2024-12-01 17:59:22,0,Partially cloudy,Partly cloudy throughout the day.,partly-cloudy-day
"Kano, Nigeria",2024-12-02,20.7,4.8,37.7,13.9,31.2,251.3,21.8,2024-12-02 6:31:37,2024-12-02 17:59:37,0.04,Partially cloudy,Partly cloudy throughout the day.,partly-cloudy-day
"Kano, Nigeria",2024-12-03,19.6,5.7,43.9,12.8,32.8,257.7,22.1,2024-12-03 6:32:09,2024-12-03 17:59:53,0.08,Partially cloudy,Partly cloudy throughout the day.,partly-cloudy-day
"Kano, Nigeria",2024-12-04,19.6,5.7,44.5,16.1,10.4,257.3,22.1,2024-12-04 6:32:42,2024-12-04 18:00:10,0.11,Clear,Clear conditions throughout the day.,clear-day
"Kano, Nigeria",2024-12-05,19.9,5.8,43.3,6.9,7.3,256.3,22.1,2024-12-05 6:33:14,2024-12-05 18:00:28,0.15,Clear,Clear conditions throughout the day.,clear-day
"Kano, Nigeria",2024-12-06,19.8,5.7,43.9,8.3,89.3,244.2,21,2024-12-06 6:33:46,2024-12-06 18:00:46,0.18,Partially cloudy,Partly cloudy throughout the day.,partly-cloudy-day
"Kano, Nigeria",2024-12-07,19,4.7,42.2,17.2,20.3,249.8,21.5,2024-12-07 6:34:19,2024-12-07 18:01:06,0.22,Partially cloudy,Partly cloudy throughout the day.,partly-cloudy-day
"Kano, Nigeria",2024-12-08,18.7,3.7,40.5,11.4,22,248.6,21.3,2024-12-08 6:34:51,2024-12-08 18:01:26,0.25,Partially cloudy,Partly cloudy throughout the day.,partly-cloudy-day
"Kano, Nigeria",2024-12-09,20.4,6.2,43.1,12.8,24.3,245.7,21.1,2024-12-09 6:35:24,2024-12-09 18:01:48,0.29,Partially cloudy,Partly cloudy throughout the day.,partly-cloudy-day
"Kano, Nigeria",2024-12-10,22,9,48.7,12.8,46,241.8,20.8,2024-12-10 6:35:56,2024-12-10 18:02:10,0.33,Partially cloudy,Partly cloudy throughout the day.,partly-cloudy-day
"Kano, Nigeria",2024-12-11,23,9.1,46.7,69.1,62,227.4,19.5,2024-12-11 6:36:29,2024-12-11 18:02:33,0.36,Partially cloudy,Partly cloudy throughout the day.,wind
"Kano, Nigeria",2024-12-12,21.3,5.6,43.1,16.1,49.7,240.8,20.8,2024-12-12 6:37:01,2024-12-12 18:02:57,0.4,Partially cloudy,Partly cloudy throughout the day.,partly-cloudy-day
"Kano, Nigeria",2024-12-13,21.2,3.8,35.6,15,54.4,251.4,21.6,2024-12-13 6:37:34,2024-12-13 18:03:21,0.43,Partially cloudy,Partly cloudy throughout the day.,partly-cloudy-day
"Kano, Nigeria",2024-12-14,19.7,3.9,41.1,10.1,22.9,254,21.9,2024-12-14 6:38:06,2024-12-14 18:03:47,0.47,Partially cloudy,Partly cloudy throughout the day.,partly-cloudy-day
"Kano, Nigeria",2024-12-15,17.8,4.6,43.6,11.4,60.8,247.9,21.5,2024-12-15 6:38:38,2024-12-15 18:04:13,0.5,Partially cloudy,Partly cloudy throughout the day.,partly-cloudy-day
"Kano, Nigeria",2024-12-16,20.4,4.8,39.2,16.1,62.9,247.6,21.5,2024-12-16 6:39:09,2024-12-16 18:04:39,0.53,Partially cloudy,Partly cloudy throughout the day.,partly-cloudy-day
"Kano, Nigeria",2024-12-17,19.9,3,35.6,13.9,60.2,242.3,20.9,2024-12-17 6:39:41,2024-12-17 18:05:07,0.57,Partially cloudy,Partly cloudy throughout the day.,partly-cloudy-day
"Kano, Nigeria",2024-12-18,19.6,3.3,36.4,10.3,38.5,245.7,21.3,2024-12-18 6:40:12,2024-12-18 18:05:35,0.6,Partially cloudy,Clearing in the afternoon.,partly-cloudy-day
"Kano, Nigeria",2024-12-19,17.9,3.7,41.5,16.1,15.4,248.4,21.6,2024-12-19 6:40:43,2024-12-19 18:06:03,0.63,Clear,Clear conditions throughout the day.,clear-day
"Kano, Nigeria",2024-12-20,18.1,5.4,46.2,12.8,4.2,246.8,21.3,2024-12-20 6:41:13,2024-12-20 18:06:32,0.66,Clear,Clear conditions throughout the day.,clear-day
"Kano, Nigeria",2024-12-21,18.7,4.9,42.1,16.1,26.9,244.6,21,2024-12-21 6:41:43,2024-12-21 18:07:02,0.7,Partially cloudy,Partly cloudy throughout the day.,partly-cloudy-day
"Kano, Nigeria",2024-12-22,19,5.5,46.4,15,38.9,241.8,20.9,2024-12-22 6:42:13,2024-12-22 18:07:32,0.75,Partially cloudy,Partly cloudy throughout the day.,partly-cloudy-day
"Kano, Nigeria",2024-12-23,18.7,4.6,42.9,8.5,33.2,244.5,21.1,2024-12-23 6:42:42,2024-12-23 18:08:03,0.76,Partially cloudy,Partly cloudy throughout the day.,partly-cloudy-day
"Kano, Nigeria",2024-12-24,18.6,4.9,45.9,10.3,37.1,248.6,21.4,2024-12-24 6:43:10,2024-12-24 18:08:34,0.79,Partially cloudy,Partly cloudy throughout the day.,partly-cloudy-day
"Kano, Nigeria",2024-12-25,19.8,4.2,39.8,10.3,8.4,249.7,21.5,2024-12-25 6:43:39,2024-12-25 18:09:05,0.82,Clear,Clear conditions throughout the day.,clear-day
"Kano, Nigeria",2024-12-26,19.6,1.3,32.9,8.5,4.2,252.1,21.6,2024-12-26 6:44:06,2024-12-26 18:09:37,0.86,Clear,Clear conditions throughout the day.,clear-day
"Kano, Nigeria",2024-12-27,19.8,1.5,32.1,15,37.7,252.4,21.8,2024-12-27 6:44:33,2024-12-27 18:10:09,0.89,Partially cloudy,Partly cloudy throughout the day.,partly-cloudy-day
"Kano, Nigeria",2024-12-28,18.1,2,38.3,13.9,14.5,251.4,21.6,2024-12-28 6:44:59,2024-12-28 18:10:42,0.92,Clear,Clear conditions throughout the day.,clear-day
"Kano, Nigeria",2024-12-29,19.4,3.1,38.4,15,30.7,247.1,21.2,2024-12-29 6:45:25,2024-12-29 18:11:14,0.95,Partially cloudy,Partly cloudy throughout the day.,partly-cloudy-day
"Kano, Nigeria",2024-12-30,19.5,3.9,42.3,13.9,33.5,244.2,21.1,2024-12-30 6:45:50,2024-12-30 18:11:47,0,Partially cloudy,Clearing in the afternoon.,partly-cloudy-day
"Kano, Nigeria",2024-12-31,20,4.8,42.6,13.9,16.6,245.6,21.3,2024-12-31 6:46:14,2024-12-31 18:12:20,0.02,Clear,Clear conditions throughout the day.,clear-day
"Kano, Nigeria",2025-01-01,21.2,6,41,11.4,6.5,247.2,21.6,2025-01-01 6:46:38,2025-01-01 18:12:53,0.05,Clear,Clear conditions throughout the day.,clear-day
"Kano, Nigeria",2025-01-02,20.4,6.1,43.5,12.8,8.8,250.9,21.7,2025-01-02 6:47:01,2025-01-02 18:13:27,0.09,Clear,Clear conditions throughout the day.,clear-day
"Kano, Nigeria",2025-01-03,21.7,7.3,44.1,13.9,15.4,248,21.6,2025-01-03 6:47:23,2025-01-03 18:14:00,0.13,Clear,Clear conditions throughout the day.,clear-day
"Kano, Nigeria",2025-01-04,22.2,8.2,46,10.3,21.7,247.7,21.5,2025-01-04 6:47:44,2025-01-04 18:14:33,0.16,Partially cloudy,Partly cloudy throughout the day.,partly-cloudy-day
"Kano, Nigeria",2025-01-05,21.6,3.4,32.4,12.8,30.4,248.9,21.6,2025-01-05 6:48:04,2025-01-05 18:15:07,0.2,Partially cloudy,Partly cloudy throughout the day.,partly-cloudy-day
"Kano, Nigeria",2025-01-06,20.6,4.6,37.8,8.7,1.4,250.5,21.7,2025-01-06 6:48:24,2025-01-06 18:15:40,0.23,Clear,Clear conditions throughout the day.,clear-day
"Kano, Nigeria",2025-01-07,20.2,4.8,38.9,12.8,29.9,249.7,21.4,2025-01-07 6:48:42,2025-01-07 18:16:14,0.25,Partially cloudy,Partly cloudy throughout the day.,partly-cloudy-day
"Kano, Nigeria",2025-01-08,19.9,5.3,42.7,13.9,23.3,249.8,21.5,2025-01-08 6:49:00,2025-01-08 18:16:47,0.3,Partially cloudy,Becoming cloudy in the afternoon.,partly-cloudy-day
"Kano, Nigeria",2025-01-09,18.9,4.7,45.1,16.1,13,252.1,21.6,2025-01-09 6:49:17,2025-01-09 18:17:20,0.34,Clear,Clear conditions throughout the day.,clear-day
"Kano, Nigeria",2025-01-10,19.6,3,36.3,17.2,14.6,253.9,21.9,2025-01-10 6:49:32,2025-01-10 18:17:53,0.38,Clear,Clear conditions throughout the day.,clear-day
"Kano, Nigeria",2025-01-11,20.5,2.2,30.7,19.7,14.7,255.2,22,2025-01-11 6:49:47,2025-01-11 18:18:26,0.41,Clear,Clear conditions throughout the day.,clear-day
"Kano, Nigeria",2025-01-12,19.2,2.4,34.1,8.7,41.7,252,21.7,2025-01-12 6:50:01,2025-01-12 18:18:59,0.45,Partially cloudy,Becoming cloudy in the afternoon.,partly-cloudy-day
"Kano, Nigeria",2025-01-13,19.2,4.4,41.2,12.8,9.3,251.3,21.6,2025-01-13 6:50:14,2025-01-13 18:19:31,0.5,Clear,Clear conditions throughout the day.,clear-day
"Kano, Nigeria",2025-01-14,19.3,5.5,43.5,8.1,7.3,251,21.6,2025-01-14 6:50:26,2025-01-14 18:20:03,0.52,Clear,Clear conditions throughout the day.,clear-day
"Kano, Nigeria",2025-01-15,21,6.4,42.9,6,25,250.1,21.6,2025-01-15 6:50:37,2025-01-15 18:20:35,0.55,Partially cloudy,Clearing in the afternoon.,partly-cloudy-day
"Kano, Nigeria",2025-01-16,21.4,6.4,43.3,11.4,31.7,254,21.9,2025-01-16 6:50:47,2025-01-16 18:21:07,0.58,Partially cloudy,Partly cloudy throughout the day.,partly-cloudy-day
"Kano, Nigeria",2025-01-17,22.9,5.7,38.2,11.4,39.5,247.7,21.3,2025-01-17 6:50:55,2025-01-17 18:21:38,0.61,Partially cloudy,Partly cloudy throughout the day.,partly-cloudy-day
"Kano, Nigeria",2025-01-18,22.8,6.9,38.8,15,43.3,251.8,21.8,2025-01-18 6:51:03,2025-01-18 18:22:09,0.65,Partially cloudy,Becoming cloudy in the afternoon.,partly-cloudy-day
"Kano, Nigeria",2025-01-19,23.3,9.4,44.8,10.3,14.4,251.1,21.8,2025-01-19 6:51:10,2025-01-19 18:22:39,0.68,Clear,Clear conditions throughout the day.,clear-day
"Kano, Nigeria",2025-01-20,24,10.1,44.6,5.8,16.5,252.4,21.8,2025-01-20 6:51:15,2025-01-20 18:23:09,0.71,Clear,Clear conditions throughout the day.,clear-day
"Kano, Nigeria",2025-01-21,24.4,7.6,38.7,9.2,3.7,255.4,21.9,2025-01-21 6:51:20,2025-01-21 18:23:39,0.75,Clear,Clear conditions throughout the day.,clear-day
"Kano, Nigeria",2025-01-22,24.3,6,32.6,19.7,5.8,257.2,22.1,2025-01-22 6:51:23,2025-01-22 18:24:08,0.77,Clear,Clear conditions throughout the day.,clear-day
"Kano, Nigeria",2025-01-23,21.8,5.4,38.2,10.3,9.2,259.5,22.3,2025-01-23 6:51:26,2025-01-23 18:24:36,0.81,Clear,Clear conditions throughout the day.,clear-day
"Kano, Nigeria",2025-01-24,22.8,6.3,37.5,16.1,42.3,255.4,21.9,2025-01-24 6:51:27,2025-01-24 18:25:05,0.84,Partially cloudy,Partly cloudy throughout the day.,partly-cloudy-day
"Kano, Nigeria",2025-01-25,21.8,4.2,35.1,13.9,4.8,267.4,23.1,2025-01-25 6:51:27,2025-01-25 18:25:32,0.87,Clear,Clear conditions throughout the day.,clear-day
"Kano, Nigeria",2025-01-26,20.2,4.3,40.4,16.1,40.9,265.4,22.9,2025-01-26 6:51:26,2025-01-26 18:25:59,0.9,Partially cloudy,Partly cloudy throughout the day.,partly-cloudy-day
"Kano, Nigeria",2025-01-27,21.3,2.6,32.4,12.8,58.6,262.8,22.5,2025-01-27 6:51:24,2025-01-27 18:26:26,0.93,Partially cloudy,Partly cloudy throughout the day.,partly-cloudy-day
"Kano, Nigeria",2025-01-28,21.2,3.3,34.6,16.1,36.8,250.8,21.6,2025-01-28 6:51:21,2025-01-28 18:26:52,0.97,Partially cloudy,Partly cloudy throughout the day.,partly-cloudy-day
"Kano, Nigeria",2025-01-29,21.3,3.4,33.9,16.1,25.2,266.8,23.1,2025-01-29 6:51:17,2025-01-29 18:27:18,0,Partially cloudy,Partly cloudy throughout the day.,partly-cloudy-day
"Kano, Nigeria",2025-01-30,21.8,3,30.3,10.5,84.4,261.8,22.4,2025-01-30 6:51:12,2025-01-30 18:27:42,0.03,Partially cloudy,Partly cloudy throughout the day.,partly-cloudy-day
"Kano, Nigeria",2025-01-31,22.2,4.2,32.4,7.6,34.1,263.5,22.6,2025-01-31 6:51:06,2025-01-31 18:28:07,0.07,Partially cloudy,Partly cloudy throughout the day.,partly-cloudy-day
"Kano, Nigeria",2025-02-01,22.3,5.1,34.7,6.7,68.4,263.4,22.7,2025-02-01 6:50:59,2025-02-01 18:28:31,0.1,Partially cloudy,Partly cloudy throughout the day.,partly-cloudy-day
"Kano, Nigeria",2025-02-02,22.5,4.8,33.6,6.5,26.9,269,23.3,2025-02-02 6:50:50,2025-02-02 18:28:54,0.14,Partially cloudy,Clearing in the afternoon.,partly-cloudy-day
"Kano, Nigeria",2025-02-03,23.2,4.6,32.6,7.2,67.3,260.6,22.6,2025-02-03 6:50:41,2025-02-03 18:29:16,0.18,Partially cloudy,Partly cloudy throughout the day.,partly-cloudy-day
"Kano, Nigeria",2025-02-04,23.6,1.3,25.5,9.4,6.7,273.1,23.4,2025-02-04 6:50:30,2025-02-04 18:29:38,0.21,Clear,Clear conditions throughout the day.,clear-day
"Kano, Nigeria",2025-02-05,23,-1.3,20.9,10.3,14.3,278.4,24,2025-02-05 6:50:19,2025-02-05 18:30:00,0.25,Clear,Clear conditions throughout the day.,clear-day
"Kano, Nigeria",2025-02-06,22.2,-0.5,24,10.1,3.7,276.2,24.1,2025-02-06 6:50:06,2025-02-06 18:30:20,0.28,Clear,Clear conditions throughout the day.,clear-day
"Kano, Nigeria",2025-02-07,22.6,2.3,28.2,8.5,36.1,269.6,23.3,2025-02-07 6:49:53,2025-02-07 18:30:40,0.32,Partially cloudy,Partly cloudy throughout the day.,partly-cloudy-day
"Kano, Nigeria",2025-02-08,24,4.4,30.8,13.9,47.6,268.8,23.2,2025-02-08 6:49:39,2025-02-08 18:31:00,0.35,Partially cloudy,Partly cloudy throughout the day.,partly-cloudy-day
"Kano, Nigeria",2025-02-09,24.5,1.4,23.9,18.3,39,271.8,23.4,2025-02-09 6:49:23,2025-02-09 18:31:19,0.39,Partially cloudy,Partly cloudy throughout the day.,partly-cloudy-day
"Kano, Nigeria",2025-02-10,24,4.1,31,13.9,37.9,269.8,23.2,2025-02-10 6:49:07,2025-02-10 18:31:37,0.42,Partially cloudy,Partly cloudy throughout the day.,partly-cloudy-day
"Kano, Nigeria",2025-02-11,24.3,3.8,28.7,12.8,11.8,271.3,23.4,2025-02-11 6:48:49,2025-02-11 18:31:55,0.46,Clear,Clear conditions throughout the day.,clear-day
"Kano, Nigeria",2025-02-12,23,2.9,28.6,18.3,8.9,272.7,23.4,2025-02-12 6:48:31,2025-02-12 18:32:12,0.5,Clear,Clear conditions throughout the day.,clear-day
"Kano, Nigeria",2025-02-13,22,2.4,29.9,15,19.1,282,24.3,2025-02-13 6:48:12,2025-02-13 18:32:28,0.53,Clear,Clear conditions throughout the day.,clear-day
"Kano, Nigeria",2025-02-14,21.9,1,27.6,16.1,25.6,277.6,24.1,2025-02-14 6:47:52,2025-02-14 18:32:44,0.56,Partially cloudy,Partly cloudy throughout the day.,partly-cloudy-day
"Kano, Nigeria",2025-02-15,22.6,1.1,29,13.9,25.4,277.6,24.2,2025-02-15 6:47:31,2025-02-15 18:32:59,0.59,Partially cloudy,Partly cloudy throughout the day.,partly-cloudy-day
"Kano, Nigeria",2025-02-16,24.5,1.7,25.6,9.2,6,278.4,24.2,2025-02-16 6:47:09,2025-02-16 18:33:14,0.63,Clear,Clear conditions throughout the day.,clear-day
"Kano, Nigeria",2025-02-17,24.4,2.4,27.6,7.6,44.5,278.6,24.2,2025-02-17 6:46:47,2025-02-17 18:33:28,0.66,Partially cloudy,Partly cloudy throughout the day.,partly-cloudy-day
"Kano, Nigeria",2025-02-18,25.2,3.6,27.4,10.3,4.1,279.1,24.2,2025-02-18 6:46:23,2025-02-18 18:33:41,0.69,Clear,Clear conditions throughout the day.,clear-day
"Kano, Nigeria",2025-02-19,27,4.1,27.2,9.2,35.1,280.9,24.3,2025-02-19 6:45:59,2025-02-19 18:33:54,0.72,Partially cloudy,Partly cloudy throughout the day.,partly-cloudy-day
"Kano, Nigeria",2025-02-20,26.5,5.8,29.6,12.8,20,281.5,24.3,2025-02-20 6:45:34,2025-02-20 18:34:06,0.75,Clear,Clearing in the afternoon.,clear-day
"Kano, Nigeria",2025-02-21,27.7,6.4,28.8,11.4,23.1,272.6,23.5,2025-02-21 6:45:08,2025-02-21 18:34:18,0.79,Partially cloudy,Partly cloudy throughout the day.,partly-cloudy-day
"Kano, Nigeria",2025-02-22,28.4,5.8,26.3,10.3,27.2,275.7,23.9,2025-02-22 6:44:41,2025-02-22 18:34:29,0.82,Partially cloudy,Partly cloudy throughout the day.,partly-cloudy-day
"Kano, Nigeria",2025-02-23,27,3.9,25.3,11.4,47,235.9,20.2,2025-02-23 6:44:14,2025-02-23 18:34:40,0.85,Partially cloudy,Partly cloudy throughout the day.,partly-cloudy-day
"Kano, Nigeria",2025-02-24,27.5,5.3,25.9,9.2,50.8,247.2,21.5,2025-02-24 6:43:46,2025-02-24 18:34:50,0.88,Partially cloudy,Partly cloudy throughout the day.,partly-cloudy-day
"Kano, Nigeria",2025-02-25,29,5.7,24.7,8.1,42.4,275.7,23.8,2025-02-25 6:43:17,2025-02-25 18:35:00,0.92,Partially cloudy,Partly cloudy throughout the day.,partly-cloudy-day
"Kano, Nigeria",2025-02-26,26.5,2.6,21.6,15,75.2,280.6,24.4,2025-02-26 6:42:48,2025-02-26 18:35:09,0.95,Partially cloudy,Partly cloudy throughout the day.,partly-cloudy-day
"Kano, Nigeria",2025-02-27,25.9,1.4,20.9,13.9,49.8,276,23.7,2025-02-27 6:42:18,2025-02-27 18:35:18,0.98,Partially cloudy,Partly cloudy throughout the day.,partly-cloudy-day
"Kano, Nigeria",2025-02-28,26.6,2.5,22.5,11.4,16.1,261.8,22.6,2025-02-28 6:41:48,2025-02-28 18:35:26,0,Clear,Clear conditions throughout the day.,clear-day
"Kano, Nigeria",2025-03-01,26.4,4.5,27.1,12.8,22.7,288.4,25,2025-03-01 6:41:16,2025-03-01 18:35:34,0.05,Partially cloudy,Clearing in the afternoon.,partly-cloudy-day
"Kano, Nigeria",2025-03-02,27,6.7,31.1,16.1,49.7,288.7,25.1,2025-03-02 6:40:45,2025-03-02 18:35:41,0.09,Partially cloudy,Partly cloudy throughout the day.,partly-cloudy-day
"Kano, Nigeria",2025-03-03,28.6,4.5,24.2,15,52.3,291.1,25.3,2025-03-03 6:40:12,2025-03-03 18:35:48,0.12,Partially cloudy,Partly cloudy throughout the day.,partly-cloudy-day
"Kano, Nigeria",2025-03-04,28,5.4,27.2,10.3,25.9,292.4,25.3,2025-03-04 6:39:40,2025-03-04 18:35:55,0.16,Partially cloudy,Partly cloudy throughout the day.,partly-cloudy-day
"Kano, Nigeria",2025-03-05,28.4,0.8,18.8,17.2,35.5,298.3,25.9,2025-03-05 6:39:06,2025-03-05 18:36:01,0.19,Partially cloudy,Clearing in the afternoon.,partly-cloudy-day
"Kano, Nigeria",2025-03-06,28.2,3,21.3,19.7,17.5,298,25.9,2025-03-06 6:38:33,2025-03-06 18:36:06,0.25,Clear,Clear conditions throughout the day.,clear-day
"Kano, Nigeria",2025-03-07,27.6,5.6,27.9,11.4,37.4,297.4,25.8,2025-03-07 6:37:59,2025-03-07 18:36:12,0.26,Partially cloudy,Partly cloudy throughout the day.,partly-cloudy-day
"Kano, Nigeria",2025-03-08,28.7,6.3,26.8,13.9,22.9,297.6,25.8,2025-03-08 6:37:24,2025-03-08 18:36:17,0.3,Partially cloudy,Partly cloudy throughout the day.,partly-cloudy-day
"Kano, Nigeria",2025-03-09,28.4,7.2,29.8,12.8,48.2,293.5,25.5,2025-03-09 6:36:49,2025-03-09 18:36:22,0.33,Partially cloudy,Partly cloudy throughout the day.,partly-cloudy-day
"Kano, Nigeria",2025-03-10,30.6,8.7,27.7,12.8,75.7,290.3,25.2,2025-03-10 6:36:14,2025-03-10 18:36:26,0.37,Partially cloudy,Partly cloudy throughout the day.,partly-cloudy-day
"Kano, Nigeria",2025-03-11,31,8.8,28.2,15,63.5,278.3,23.9,2025-03-11 6:35:38,2025-03-11 18:36:30,0.4,Partially cloudy,Partly cloudy throughout the day.,partly-cloudy-day
"Kano, Nigeria",2025-03-12,30.8,7,25.7,11.4,38.8,300,25.9,2025-03-12 6:35:02,2025-03-12 18:36:34,0.44,Partially cloudy,Partly cloudy throughout the day.,partly-cloudy-day
"Kano, Nigeria",2025-03-13,31.9,7.6,24.6,13.9,45.7,295.8,25.5,2025-03-13 6:34:25,2025-03-13 18:36:38,0.47,Partially cloudy,Partly cloudy throughout the day.,partly-cloudy-day
"Kano, Nigeria",2025-03-14,30.8,7.7,26,11.9,29.1,300.1,25.9,2025-03-14 6:33:49,2025-03-14 18:36:41,0.5,Partially cloudy,Partly cloudy throughout the day.,partly-cloudy-day
"Kano, Nigeria",2025-03-15,30.6,5.9,24.1,13.9,43,302.7,26.3,2025-03-15 6:33:12,2025-03-15 18:36:45,0.54,Partially cloudy,Partly cloudy throughout the day.,partly-cloudy-day
"Kano, Nigeria",2025-03-16,31,2.9,19.5,20.8,31.2,312.9,27.1,2025-03-16 6:32:35,2025-03-16 18:36:48,0.57,Partially cloudy,Partly cloudy throughout the day.,partly-cloudy-day
"Kano, Nigeria",2025-03-17,29.2,1.9,21.2,17.2,26.4,314.9,27.2,2025-03-17 6:31:58,2025-03-17 18:36:50,0.6,Partially cloudy,Partly cloudy throughout the day.,partly-cloudy-day
"Kano, Nigeria",2025-03-18,28.6,2,19.9,10.3,25.6,319.7,27.6,2025-03-18 6:31:20,2025-03-18 18:36:53,0.64,Partially cloudy,Partly cloudy throughout the day.,partly-cloudy-day
"Kano, Nigeria",2025-03-19,28.5,0.2,18,9.2,12.5,322.1,27.8,2025-03-19 6:30:42,2025-03-19 18:36:56,0.67,Clear,Clear conditions throughout the day.,clear-day
"Kano, Nigeria",2025-03-20,29.4,3.1,20.3,10.3,34.1,309.3,26.6,2025-03-20 6:30:05,2025-03-20 18:36:58,0.7,Partially cloudy,Partly cloudy throughout the day.,partly-cloudy-day
"Kano, Nigeria",2025-03-21,30.8,3.6,20.3,18.3,27.9,303.2,26.2,2025-03-21 6:29:27,2025-03-21 18:37:00,0.74,Partially cloudy,Partly cloudy throughout the day.,partly-cloudy-day
"Kano, Nigeria",2025-03-22,30.3,6.3,23.6,18.3,60.4,306,26.4,2025-03-22 6:28:49,2025-03-22 18:37:02,0.75,Partially cloudy,Partly cloudy throughout the day.,partly-cloudy-day
"Kano, Nigeria",2025-03-23,28.8,4.2,22.8,16.1,49.1,312.6,27,2025-03-23 6:28:11,2025-03-23 18:37:04,0.8,Partially cloudy,Partly cloudy throughout the day.,partly-cloudy-day
"Kano, Nigeria",2025-03-24,27.5,1.8,21.2,15,22.5,316.7,27.4,2025-03-24 6:27:32,2025-03-24 18:37:06,0.84,Partially cloudy,Partly cloudy throughout the day.,partly-cloudy-day
"Kano, Nigeria",2025-03-25,28.8,3.9,23.4,10.3,16.1,312.9,27.2,2025-03-25 6:26:54,2025-03-25 18:37:08,0.87,Clear,Clear conditions throughout the day.,clear-day
"Kano, Nigeria",2025-03-26,29.9,4.3,22.7,9.2,26.3,314.4,27.3,2025-03-26 6:26:16,2025-03-26 18:37:10,0.9,Partially cloudy,Partly cloudy throughout the day.,partly-cloudy-day
"Kano, Nigeria",2025-03-27,30.7,10.4,29.8,11.4,71,307.3,26.6,2025-03-27 6:25:38,2025-03-27 18:37:12,0.93,Partially cloudy,Partly cloudy throughout the day.,partly-cloudy-day
"Kano, Nigeria",2025-03-28,31,12.3,36.4,13.9,20.1,309.8,26.9,2025-03-28 6:25:00,2025-03-28 18:37:14,0.97,Partially cloudy,Partly cloudy throughout the day.,partly-cloudy-day
"Kano, Nigeria",2025-03-29,31.2,7.3,25.2,8.1,21.2,314.4,27.2,2025-03-29 6:24:22,2025-03-29 18:37:16,0,Partially cloudy,Becoming cloudy in the afternoon.,partly-cloudy-day
"Kano, Nigeria",2025-03-30,31.1,13,34.6,18.3,35.3,299,25.9,2025-03-30 6:23:44,2025-03-30 18:37:18,0.03,Partially cloudy,Clearing in the afternoon.,partly-cloudy-day
"Kano, Nigeria",2025-03-31,31.7,9.9,30.4,8.7,17.9,315.3,27.3,2025-03-31 6:23:06,2025-03-31 18:37:20,0.07,Clear,Clear conditions throughout the day.,clear-day
"Kano, Nigeria",2025-04-01,29.9,6,23.8,17.2,55.3,302,26.3,2025-04-01 6:22:29,2025-04-01 18:37:22,0.1,Partially cloudy,Partly cloudy throughout the day.,partly-cloudy-day
"Kano, Nigeria",2025-04-02,29.1,1.6,19.4,9.2,63.4,315.8,27.3,2025-04-02 6:21:51,2025-04-02 18:37:24,0.14,Partially cloudy,Partly cloudy throughout the day.,partly-cloudy-day
"Kano, Nigeria",2025-04-03,28.7,0.6,19.8,13.9,66.4,314.6,27.3,2025-04-03 6:21:14,2025-04-03 18:37:26,0.17,Partially cloudy,Partly cloudy throughout the day.,partly-cloudy-day
"Kano, Nigeria",2025-04-04,29.2,-0.9,16.2,8.1,24,321.4,27.9,2025-04-04 6:20:37,2025-04-04 18:37:29,0.21,Partially cloudy,Becoming cloudy in the afternoon.,partly-cloudy-day
"Kano, Nigeria",2025-04-05,29.6,0.8,17.3,10.3,38.9,324.2,28.2,2025-04-05 6:20:00,2025-04-05 18:37:31,0.25,Partially cloudy,Partly cloudy throughout the day.,partly-cloudy-day
"Kano, Nigeria",2025-04-06,29.5,3.5,21.4,7.4,44.1,324,27.9,2025-04-06 6:19:23,2025-04-06 18:37:34,0.27,Partially cloudy,Partly cloudy throughout the day.,partly-cloudy-day
"Kano, Nigeria",2025-04-07,31.6,10.8,30.4,8.1,44.6,314.1,27.1,2025-04-07 6:18:47,2025-04-07 18:37:37,0.31,Partially cloudy,Partly cloudy throughout the day.,partly-cloudy-day
"Kano, Nigeria",2025-04-08,32.6,13,32.2,17.2,16.6,298.1,26,2025-04-08 6:18:11,2025-04-08 18:37:40,0.34,Clear,Clear conditions throughout the day.,clear-day
"Kano, Nigeria",2025-04-09,31.5,15,38.4,10.3,72.3,278.8,24,2025-04-09 6:17:35,2025-04-09 18:37:43,0.38,Partially cloudy,Partly cloudy throughout the day.,partly-cloudy-day
"Kano, Nigeria",2025-04-10,32.1,10.6,29.9,15,54.6,296.7,25.8,2025-04-10 6:17:00,2025-04-10 18:37:46,0.41,Partially cloudy,Partly cloudy throughout the day.,partly-cloudy-day
"Kano, Nigeria",2025-04-11,31.5,14.7,38.4,19.7,35.1,299.8,25.9,2025-04-11 6:16:25,2025-04-11 18:37:50,0.45,Partially cloudy,Partly cloudy throughout the day.,partly-cloudy-day
"Kano, Nigeria",2025-04-12,30.2,5.8,24.4,13.9,29.4,321.8,27.8,2025-04-12 6:15:50,2025-04-12 18:37:53,0.48,Partially cloudy,Partly cloudy throughout the day.,partly-cloudy-day
"Kano, Nigeria",2025-04-13,28.2,4.5,23,11.4,7.6,325.3,28,2025-04-13 6:15:16,2025-04-13 18:37:57,0.5,Clear,Clear conditions throughout the day.,clear-day
"Kano, Nigeria",2025-04-14,29.6,4.3,22.4,10.3,18.6,325.2,28,2025-04-14 6:14:42,2025-04-14 18:38:02,0.55,Clear,Clear conditions throughout the day.,clear-day
"Kano, Nigeria",2025-04-15,30.4,6.5,25.1,10.3,18.4,324.7,28,2025-04-15 6:14:09,2025-04-15 18:38:06,0.58,Clear,Clear conditions throughout the day.,clear-day
"Kano, Nigeria",2025-04-16,31.5,8.3,25.4,11.4,20,320.6,27.7,2025-04-16 6:13:36,2025-04-16 18:38:11,0.62,Clear,Partly cloudy throughout the day.,clear-day
"Kano, Nigeria",2025-04-17,32.4,13.3,32.4,11.4,31.8,293.1,25.4,2025-04-17 6:13:03,2025-04-17 18:38:16,0.65,Partially cloudy,Partly cloudy throughout the day.,partly-cloudy-day
"Kano, Nigeria",2025-04-18,32.1,13,33.7,11.4,34.9,320.6,27.8,2025-04-18 6:12:31,2025-04-18 18:38:21,0.68,Partially cloudy,Partly cloudy throughout the day.,partly-cloudy-day
"Kano, Nigeria",2025-04-19,31.6,6.2,22,12.8,14.4,327.6,28.3,2025-04-19 6:12:00,2025-04-19 18:38:27,0.72,Clear,Clear conditions throughout the day.,clear-day
"Kano, Nigeria",2025-04-20,30.6,8.3,28.4,12.8,12.9,322.8,27.8,2025-04-20 6:11:29,2025-04-20 18:38:33,0.75,Clear,Clear conditions throughout the day.,clear-day
"Kano, Nigeria",2025-04-21,31.6,6.6,21.8,12.8,20.9,325.8,28.1,2025-04-21 6:10:58,2025-04-21 18:38:39,0.75,Partially cloudy,Partly cloudy throughout the day.,partly-cloudy-day
"Kano, Nigeria",2025-04-22,32.3,9,24.4,10.3,48.9,318,27.4,2025-04-22 6:10:28,2025-04-22 18:38:45,0.82,Partially cloudy,Partly cloudy throughout the day.,partly-cloudy-day
"Kano, Nigeria",2025-04-23,32.3,15,42,10.3,32,308.1,26.4,2025-04-23 6:09:59,2025-04-23 18:38:52,0.85,Partially cloudy,Clearing in the afternoon.,partly-cloudy-day
"Kano, Nigeria",2025-04-24,32.5,11.3,32.1,9.4,43.2,311.8,27,2025-04-24 6:09:30,2025-04-24 18:38:59,0.89,Partially cloudy,Partly cloudy throughout the day.,partly-cloudy-day
"Kano, Nigeria",2025-04-25,32.5,8.8,25.7,16.1,24.7,325.1,28,2025-04-25 6:09:02,2025-04-25 18:39:07,0.92,Partially cloudy,Partly cloudy throughout the day.,partly-cloudy-day
"Kano, Nigeria",2025-04-26,32.2,9.5,26,6.9,35.5,319.5,27.6,2025-04-26 6:08:35,2025-04-26 18:39:15,0.95,Partially cloudy,Partly cloudy throughout the day.,partly-cloudy-day
"Kano, Nigeria",2025-04-27,33.1,11.3,29.6,11.4,41,319,27.6,2025-04-27 6:08:08,2025-04-27 18:39:23,0,Partially cloudy,Partly cloudy throughout the day.,partly-cloudy-day
"Kano, Nigeria",2025-04-28,32.4,13.4,32.7,13.9,36,299,25.9,2025-04-28 6:07:42,2025-04-28 18:39:31,0.02,Partially cloudy,Partly cloudy throughout the day.,partly-cloudy-day
"Kano, Nigeria",2025-04-29,32,18,45.2,19.7,54.2,267.7,23.2,2025-04-29 6:07:16,2025-04-29 18:39:40,0.06,Partially cloudy,Partly cloudy throughout the day.,partly-cloudy-day
"Kano, Nigeria",2025-04-30,33.8,17,39.2,13.9,37,299.1,26,2025-04-30 6:06:52,2025-04-30 18:39:49,0.09,Partially cloudy,Partly cloudy throughout the day.,partly-cloudy-day
"Kano, Nigeria",2025-05-01,32.5,17.1,41.7,21.9,33.5,281.8,24.4,2025-05-01 6:06:27,2025-05-01 18:39:59,0.12,Partially cloudy,Partly cloudy throughout the day.,partly-cloudy-day
"Kano, Nigeria",2025-05-02,31.9,13.1,36.9,16.1,31.4,315.6,27.4,2025-05-02 6:06:04,2025-05-02 18:40:09,0.16,Partially cloudy,Partly cloudy throughout the day.,partly-cloudy-day
"Kano, Nigeria",2025-05-03,31.6,8,25.9,11.4,49.9,311.9,26.9,2025-05-03 6:05:41,2025-05-03 18:40:19,0.19,Partially cloudy,Partly cloudy throughout the day.,partly-cloudy-day
"Kano, Nigeria",2025-05-04,31.1,8.4,26.3,11.4,37.7,316.6,27.3,2025-05-04 6:05:20,2025-05-04 18:40:30,0.25,Partially cloudy,Partly cloudy throughout the day.,partly-cloudy-day
"Kano, Nigeria",2025-05-05,30.6,6.4,24,9.2,22.2,322.6,27.8,2025-05-05 6:04:58,2025-05-05 18:40:41,0.26,Partially cloudy,Clearing in the afternoon.,partly-cloudy-day
"Kano, Nigeria",2025-05-06,31.3,7.6,24.2,9.2,0.1,322.3,27.8,2025-05-06 6:04:38,2025-05-06 18:40:52,0.29,Clear,Clear conditions throughout the day.,clear-day
"Kano, Nigeria",2025-05-07,31.9,7.3,23.7,10.3,9.2,319.8,27.5,2025-05-07 6:04:18,2025-05-07 18:41:04,0.32,Clear,Clear conditions throughout the day.,clear-day
"Kano, Nigeria",2025-05-08,32.9,12.3,30.4,17.2,15.5,315.3,27.1,2025-05-08 6:04:00,2025-05-08 18:41:16,0.36,Clear,Clear conditions throughout the day.,clear-day
"Kano, Nigeria",2025-05-09,32.1,12.7,33.7,13.9,38,319.8,27.7,2025-05-09 6:03:42,2025-05-09 18:41:28,0.39,Partially cloudy,Partly cloudy throughout the day.,partly-cloudy-day
"Kano, Nigeria",2025-05-10,31.9,13.2,35.4,15,13.2,319.3,27.5,2025-05-10 6:03:24,2025-05-10 18:41:41,0.42,Clear,Clear conditions throughout the day.,clear-day
"Kano, Nigeria",2025-05-11,32.1,14.7,36.9,17.2,11.2,310.1,26.8,2025-05-11 6:03:08,2025-05-11 18:41:54,0.46,Clear,Clear conditions throughout the day.,clear-day
"Kano, Nigeria",2025-05-12,33.5,15.6,37.4,13.9,4.3,311.7,27,2025-05-12 6:02:52,2025-05-12 18:42:08,0.5,Clear,Clear conditions throughout the day.,clear-day
"Kano, Nigeria",2025-05-13,33,16.4,39.5,16.1,25.7,303.7,26.4,2025-05-13 6:02:37,2025-05-13 18:42:21,0.53,Partially cloudy,Partly cloudy throughout the day.,partly-cloudy-day
"Kano, Nigeria",2025-05-14,32.6,20.3,50.6,17.2,21.8,297.3,25.8,2025-05-14 6:02:23,2025-05-14 18:42:35,0.56,"Rain, Partially cloudy",Partly cloudy throughout the day with late afternoon rain.,rain
"Kano, Nigeria",2025-05-15,31.7,20,51.5,18.3,50.6,268.5,23.2,2025-05-15 6:02:10,2025-05-15 18:42:50,0.6,Partially cloudy,Partly cloudy throughout the day.,partly-cloudy-day
"Kano, Nigeria",2025-05-16,31.5,18.8,51.6,9.2,60.3,287.2,24.7,2025-05-16 6:01:58,2025-05-16 18:43:04,0.63,"Rain, Partially cloudy",Partly cloudy throughout the day with late afternoon rain.,rain
"Kano, Nigeria",2025-05-17,27.3,19.5,63.4,15,72.8,130.4,11.3,2025-05-17 6:01:46,2025-05-17 18:43:19,0.66,"Rain, Partially cloudy",Partly cloudy throughout the day with morning rain.,rain
"Kano, Nigeria",2025-05-18,31,19.2,52.9,16.1,48.7,295.5,25.5,2025-05-18 6:01:36,2025-05-18 18:43:35,0.7,Partially cloudy,Partly cloudy throughout the day.,partly-cloudy-day
"Kano, Nigeria",2025-05-19,32.3,20.3,51.1,17.2,37.4,301.5,26,2025-05-19 6:01:26,2025-05-19 18:43:50,0.73,Partially cloudy,Partly cloudy throughout the day.,partly-cloudy-day
"Kano, Nigeria",2025-05-20,31.8,20.8,53.2,19.7,35.1,296.2,25.5,2025-05-20 6:01:17,2025-05-20 18:44:06,0.75,"Rain, Partially cloudy",Partly cloudy throughout the day with late afternoon rain.,rain
"Kano, Nigeria",2025-05-21,31.7,19.3,49.9,18.3,26.1,305,26.5,2025-05-21 6:01:09,2025-05-21 18:44:22,0.8,Partially cloudy,Partly cloudy throughout the day.,partly-cloudy-day
"Kano, Nigeria",2025-05-22,33.3,18.4,43.8,21.9,19,289.6,25.1,2025-05-22 6:01:02,2025-05-22 18:44:38,0.84,Clear,Clear conditions throughout the day.,clear-day
"Kano, Nigeria",2025-05-23,33.3,18.7,45.8,11.4,26.1,300.2,25.8,2025-05-23 6:00:55,2025-05-23 18:44:54,0.87,Partially cloudy,Partly cloudy throughout the day.,partly-cloudy-day
"Kano, Nigeria",2025-05-24,32.6,20.4,50.4,20.8,34.7,295.2,25.5,2025-05-24 6:00:49,2025-05-24 18:45:11,0.91,Partially cloudy,Partly cloudy throughout the day.,partly-cloudy-day
"Kano, Nigeria",2025-05-25,32.2,21.5,55.7,16.1,53.6,290,25.1,2025-05-25 6:00:45,2025-05-25 18:45:27,0.94,Partially cloudy,Partly cloudy throughout the day.,partly-cloudy-day
"Kano, Nigeria",2025-05-26,31.1,21.3,57.8,18.3,34.3,297,25.6,2025-05-26 6:00:41,2025-05-26 18:45:44,0.98,Partially cloudy,Partly cloudy throughout the day.,partly-cloudy-day
"Kano, Nigeria",2025-05-27,30.4,19.6,54.4,20.8,43.3,284.8,24.6,2025-05-27 6:00:37,2025-05-27 18:46:01,0,Partially cloudy,Partly cloudy throughout the day.,partly-cloudy-day
"Kano, Nigeria",2025-05-28,31.9,20.1,52.3,10.3,32.4,274.7,23.8,2025-05-28 6:00:35,2025-05-28 18:46:18,0.04,Partially cloudy,Becoming cloudy in the afternoon.,partly-cloudy-day
"Kano, Nigeria",2025-05-29,29.3,21.6,64.4,13.9,47.5,265.7,23,2025-05-29 6:00:34,2025-05-29 18:46:35,0.08,"Rain, Partially cloudy",Partly cloudy throughout the day with early morning rain.,rain
"Kano, Nigeria",2025-05-30,31.6,20.8,55.9,15,28.1,287,24.9,2025-05-30 6:00:33,2025-05-30 18:46:53,0.11,Partially cloudy,Partly cloudy throughout the day.,partly-cloudy-day
"Kano, Nigeria",2025-05-31,31.7,20.3,52.2,17.2,30.7,291.6,25.1,2025-05-31 6:00:33,2025-05-31 18:47:10,0.14,"Rain, Partially cloudy",Partly cloudy throughout the day with afternoon rain.,rain
"Kano, Nigeria",2025-06-01,29.7,20.9,61.8,17.2,37.1,285.5,24.8,2025-06-01 6:00:34,2025-06-01 18:47:27,0.18,"Rain, Partially cloudy",Partly cloudy throughout the day with rain.,rain
"Kano, Nigeria",2025-06-02,29.2,21.3,64.8,13.9,49.1,280,24.3,2025-06-02 6:00:35,2025-06-02 18:47:45,0.21,"Rain, Partially cloudy",Partly cloudy throughout the day with late afternoon rain.,rain
"Kano, Nigeria",2025-06-03,25,21.5,81.9,20.8,63.1,134,11.4,2025-06-03 6:00:37,2025-06-03 18:48:02,0.25,"Rain, Partially cloudy",Partly cloudy throughout the day with a chance of rain throughout the day.,rain
"Kano, Nigeria",2025-06-04,27.3,21.9,73.3,11.4,46.1,262.4,22.8,2025-06-04 6:00:40,2025-06-04 18:48:19,0.27,"Rain, Partially cloudy",Partly cloudy throughout the day with rain.,rain
"Kano, Nigeria",2025-06-05,30.2,20.8,60.6,8.3,30,282.5,24.5,2025-06-05 6:00:44,2025-06-05 18:48:36,0.31,Partially cloudy,Partly cloudy throughout the day.,partly-cloudy-day
"Kano, Nigeria",2025-06-06,31.2,20.3,55,10.5,6.8,292.9,25.3,2025-06-06 6:00:49,2025-06-06 18:48:54,0.34,Clear,Clear conditions throughout the day.,clear-day
"Kano, Nigeria",2025-06-07,30.3,22.6,66,10.3,19.9,290,25,2025-06-07 6:00:54,2025-06-07 18:49:11,0.37,Rain,Clear conditions throughout the day with late afternoon rain.,rain
"Kano, Nigeria",2025-06-08,29.7,22.3,65.9,8.7,38.2,273.8,23.6,2025-06-08 6:01:00,2025-06-08 18:49:28,0.41,"Rain, Partially cloudy",Partly cloudy throughout the day with afternoon rain.,rain
"Kano, Nigeria",2025-06-09,30.3,22.2,63.7,9.4,42.6,281.6,24.5,2025-06-09 6:01:06,2025-06-09 18:49:44,0.44,"Rain, Partially cloudy",Partly cloudy throughout the day with rain.,rain
"Kano, Nigeria",2025-06-10,30.9,21.1,59,9.6,69.4,275.5,23.7,2025-06-10 6:01:13,2025-06-10 18:50:01,0.47,Partially cloudy,Partly cloudy throughout the day.,partly-cloudy-day
"Kano, Nigeria",2025-06-11,30.7,21.4,60,69.1,55,269.4,23.3,2025-06-11 6:01:21,2025-06-11 18:50:17,0.5,"Rain, Partially cloudy",Partly cloudy throughout the day with afternoon rain.,rain
"Kano, Nigeria",2025-06-12,30.3,20.7,58.5,15,42.1,281.7,24.4,2025-06-12 6:01:29,2025-06-12 18:50:33,0.54,Partially cloudy,Partly cloudy throughout the day.,partly-cloudy-day
"Kano, Nigeria",2025-06-13,29.7,20.3,58.9,11,43.7,203.1,17.7,2025-06-13 6:01:38,2025-06-13 18:50:49,0.58,"Rain, Partially cloudy",Partly cloudy throughout the day with morning rain.,rain
"Kano, Nigeria",2025-06-14,30.1,20.2,57.2,23,57.1,273.5,23.7,2025-06-14 6:01:48,2025-06-14 18:51:05,0.61,Partially cloudy,Partly cloudy throughout the day.,partly-cloudy-day
"Kano, Nigeria",2025-06-15,28.7,20.4,63,18.3,30.6,289.3,25,2025-06-15 6:01:58,2025-06-15 18:51:20,0.65,"Rain, Partially cloudy",Partly cloudy throughout the day with late afternoon rain.,rain
"Kano, Nigeria",2025-06-16,29.6,20.2,58.3,10.1,71.6,273.6,23.7,2025-06-16 6:02:08,2025-06-16 18:51:35,0.68,Partially cloudy,Partly cloudy throughout the day.,partly-cloudy-day
"Kano, Nigeria",2025-06-17,30.2,21.4,60.8,16.1,35.5,292,25.3,2025-06-17 6:02:19,2025-06-17 18:51:50,0.72,"Rain, Partially cloudy",Clearing in the afternoon with late afternoon rain.,rain
"Kano, Nigeria",2025-06-18,29,18.4,54.7,18.3,39,278.8,24.2,2025-06-18 6:02:31,2025-06-18 18:52:04,0.75,Partially cloudy,Partly cloudy throughout the day.,partly-cloudy-day
"Kano, Nigeria",2025-06-19,30.8,21,57.2,15,26.7,291.6,25.3,2025-06-19 6:02:43,2025-06-19 18:52:18,0.79,Partially cloudy,Becoming cloudy in the afternoon.,partly-cloudy-day
"Kano, Nigeria",2025-06-20,30.3,20.8,58.8,12.8,41.8,281,24.2,2025-06-20 6:02:56,2025-06-20 18:52:31,0.82,Partially cloudy,Partly cloudy throughout the day.,partly-cloudy-day
"Kano, Nigeria",2025-06-21,30.4,20.2,56.7,15,30.4,279.7,24,2025-06-21 6:03:08,2025-06-21 18:52:44,0.86,Partially cloudy,Clearing in the afternoon.,partly-cloudy-day
"Kano, Nigeria",2025-06-22,30.3,21.1,60.8,12.8,21.7,274.4,23.6,2025-06-22 6:03:22,2025-06-22 18:52:57,0.89,Partially cloudy,Partly cloudy throughout the day.,partly-cloudy-day
"Kano, Nigeria",2025-06-23,28.5,19.7,60.1,17.2,28.4,280.1,24.1,2025-06-23 6:03:35,2025-06-23 18:53:09,0.93,"Rain, Partially cloudy",Partly cloudy throughout the day with afternoon rain.,rain
"Kano, Nigeria",2025-06-24,29.8,20.2,59.6,11.4,31.5,277.8,24.1,2025-06-24 6:03:49,2025-06-24 18:53:21,0.97,Partially cloudy,Partly cloudy throughout the day.,partly-cloudy-day
"Kano, Nigeria",2025-06-25,31.2,21,56.8,9.8,30.2,272.1,23.5,2025-06-25 6:04:04,2025-06-25 18:53:32,0,Partially cloudy,Partly cloudy throughout the day.,partly-cloudy-day
"Kano, Nigeria",2025-06-26,29.6,20.7,60.6,15,38.6,277.7,24,2025-06-26 6:04:18,2025-06-26 18:53:42,0.03,"Rain, Partially cloudy",Clearing in the afternoon with afternoon rain.,rain
"Kano, Nigeria",2025-06-27,30.4,22.1,63.2,13.9,34.4,287.8,24.7,2025-06-27 6:04:33,2025-06-27 18:53:52,0.07,"Rain, Partially cloudy",Becoming cloudy in the afternoon with late afternoon rain.,rain
"Kano, Nigeria",2025-06-28,29.3,22,65.9,17.2,46.2,282.6,24.5,2025-06-28 6:04:48,2025-06-28 18:54:01,0.1,"Rain, Partially cloudy",Partly cloudy throughout the day with late afternoon rain.,rain
"Kano, Nigeria",2025-06-29,29.6,21.7,64.9,16.1,57.3,282.3,24.5,2025-06-29 6:05:04,2025-06-29 18:54:10,0.13,"Rain, Partially cloudy",Becoming cloudy in the afternoon with early morning rain.,rain
"Kano, Nigeria",2025-06-30,26.4,21.7,76.2,11.4,92.2,91.4,7.8,2025-06-30 6:05:19,2025-06-30 18:54:18,0.16,"Rain, Overcast",Cloudy skies throughout the day with rain.,rain
"Kano, Nigeria",2025-07-01,26.6,21.2,73.1,11.2,89.9,151.1,12.9,2025-07-01 6:05:35,2025-07-01 18:54:25,0.2,"Rain, Partially cloudy",Partly cloudy throughout the day with a chance of rain throughout the day.,rain
"Kano, Nigeria",2025-07-02,27.9,21.3,69.3,15,71.5,227.8,19.5,2025-07-02 6:05:51,2025-07-02 18:54:32,0.25,"Rain, Partially cloudy",Partly cloudy throughout the day with late afternoon rain.,rain
"Kano, Nigeria",2025-07-03,29.3,22.1,67.5,16.1,60.4,271.6,23.4,2025-07-03 6:06:07,2025-07-03 18:54:37,0.26,"Rain, Partially cloudy",Partly cloudy throughout the day with late afternoon rain.,rain
"Kano, Nigeria",2025-07-04,26.2,22.3,80,17.2,77.9,235,20.3,2025-07-04 6:06:23,2025-07-04 18:54:43,0.29,"Rain, Partially cloudy",Partly cloudy throughout the day with rain in the morning and afternoon.,rain
"Kano, Nigeria",2025-07-05,26.7,22.5,79,9.2,69.5,228.8,19.8,2025-07-05 6:06:39,2025-07-05 18:54:47,0.32,"Rain, Partially cloudy",Partly cloudy throughout the day with rain.,rain
"Kano, Nigeria",2025-07-06,25.5,22.6,84.9,8.1,62,208,17.9,2025-07-06 6:06:55,2025-07-06 18:54:51,0.36,"Rain, Partially cloudy",Partly cloudy throughout the day with rain.,rain
"Kano, Nigeria",2025-07-07,25.9,22.3,81.5,13.9,73,244,21.2,2025-07-07 6:07:11,2025-07-07 18:54:54,0.39,"Rain, Partially cloudy",Partly cloudy throughout the day with afternoon rain.,rain
"Kano, Nigeria",2025-07-08,27.4,22.2,73.8,12.8,53.2,255.1,22,2025-07-08 6:07:27,2025-07-08 18:54:56,0.42,"Rain, Partially cloudy",Partly cloudy throughout the day with rain.,rain
"Kano, Nigeria",2025-07-09,27.6,21.6,70.3,18.3,34.1,253.7,22,2025-07-09 6:07:43,2025-07-09 18:54:58,0.45,"Rain, Partially cloudy",Partly cloudy throughout the day with afternoon rain.,rain
"Kano, Nigeria",2025-07-10,27.7,22,71.9,19.7,48,261.2,22.4,2025-07-10 6:08:00,2025-07-10 18:54:58,0.5,"Rain, Partially cloudy",Partly cloudy throughout the day with afternoon rain.,rain
"Kano, Nigeria",2025-07-11,27.4,21.7,72,15,79,248.1,21.4,2025-07-11 6:08:16,2025-07-11 18:54:58,0.52,"Rain, Partially cloudy",Partly cloudy throughout the day with rain.,rain
"Kano, Nigeria",2025-07-12,25.2,21.8,82.1,13.2,87.9,162.3,14.1,2025-07-12 6:08:32,2025-07-12 18:54:57,0.56,"Rain, Partially cloudy",Partly cloudy throughout the day with a chance of rain throughout the day.,rain
"Kano, Nigeria",2025-07-13,24.7,21.6,83.4,9.2,95,153.2,13.3,2025-07-13 6:08:47,2025-07-13 18:54:55,0.59,"Rain, Overcast",Cloudy skies throughout the day with rain.,rain
"Kano, Nigeria",2025-07-14,25.8,21.9,80.3,9.2,53.8,269.1,23.3,2025-07-14 6:09:03,2025-07-14 18:54:53,0.63,"Rain, Partially cloudy",Partly cloudy throughout the day with rain.,rain
"Kano, Nigeria",2025-07-15,27.9,22.4,73.6,9.4,33.4,290.4,25.1,2025-07-15 6:09:19,2025-07-15 18:54:49,0.66,"Rain, Partially cloudy",Partly cloudy throughout the day with rain.,rain
"Kano, Nigeria",2025-07-16,26.1,21.9,77.9,14.3,66.2,189.1,16.2,2025-07-16 6:09:34,2025-07-16 18:54:45,0.7,"Rain, Partially cloudy",Partly cloudy throughout the day with rain.,rain
"Kano, Nigeria",2025-07-17,25.9,21.4,77.4,13.9,59.6,207.1,17.9,2025-07-17 6:09:49,2025-07-17 18:54:39,0.74,"Rain, Partially cloudy",Partly cloudy throughout the day with rain.,rain
"Kano, Nigeria",2025-07-18,26.6,22.1,77.4,11.4,55.1,275.3,23.8,2025-07-18 6:10:05,2025-07-18 18:54:33,0.75,"Rain, Partially cloudy",Partly cloudy throughout the day with rain.,rain
"Kano, Nigeria",2025-07-19,27.1,22.7,78.2,15,78.2,224.5,19.4,2025-07-19 6:10:19,2025-07-19 18:54:26,0.81,Partially cloudy,Partly cloudy throughout the day.,partly-cloudy-day
"Kano, Nigeria",2025-07-20,26,22.6,83.1,17.2,69,256.7,22.3,2025-07-20 6:10:34,2025-07-20 18:54:19,0.84,"Rain, Partially cloudy",Partly cloudy throughout the day with a chance of rain throughout the day.,rain
"Kano, Nigeria",2025-07-21,26.9,22,75.9,10.3,46.5,264.9,22.9,2025-07-21 6:10:48,2025-07-21 18:54:10,0.88,Partially cloudy,Partly cloudy throughout the day.,partly-cloudy-day
"Kano, Nigeria",2025-07-22,27.4,22.8,77.1,11.4,62.5,276.3,23.9,2025-07-22 6:11:02,2025-07-22 18:54:00,0.92,"Rain, Partially cloudy",Partly cloudy throughout the day with rain.,rain
"Kano, Nigeria",2025-07-23,25.7,22,80.7,8.1,95,149.2,12.6,2025-07-23 6:11:16,2025-07-23 18:53:50,0.95,"Rain, Overcast",Cloudy skies throughout the day with a chance of rain throughout the day.,rain
"Kano, Nigeria",2025-07-24,26.2,22.5,81.1,15,79.9,210.8,18,2025-07-24 6:11:30,2025-07-24 18:53:39,0,"Rain, Partially cloudy",Partly cloudy throughout the day with rain.,rain
"Kano, Nigeria",2025-07-25,26.2,22.5,81.1,12.8,84.3,186.9,16.1,2025-07-25 6:11:43,2025-07-25 18:53:26,0.02,"Rain, Partially cloudy",Partly cloudy throughout the day with rain.,rain
"Kano, Nigeria",2025-07-26,26.2,22.8,82.9,13.9,66.3,224.6,19.6,2025-07-26 6:11:56,2025-07-26 18:53:13,0.05,"Rain, Partially cloudy",Partly cloudy throughout the day with a chance of rain throughout the day.,rain
"Kano, Nigeria",2025-07-27,26.3,22.8,82,12.8,73.8,236,20.3,2025-07-27 6:12:08,2025-07-27 18:52:59,0.09,"Rain, Partially cloudy",Partly cloudy throughout the day with rain.,rain
"Kano, Nigeria",2025-07-28,26.2,22.9,82.5,9.2,58.6,211.2,18.2,2025-07-28 6:12:21,2025-07-28 18:52:45,0.12,"Rain, Partially cloudy",Partly cloudy throughout the day with rain.,rain
"Kano, Nigeria",2025-07-29,28.1,22.5,72.9,13.9,33.3,277.5,24,2025-07-29 6:12:32,2025-07-29 18:52:29,0.15,"Rain, Partially cloudy",Becoming cloudy in the afternoon with rain in the morning and afternoon.,rain
"Kano, Nigeria",2025-07-30,25.2,22.2,83.9,11.4,85.1,187.4,16.1,2025-07-30 6:12:44,2025-07-30 18:52:12,0.18,"Rain, Partially cloudy",Partly cloudy throughout the day with afternoon rain.,rain
"Kano, Nigeria",2025-07-31,25,22.4,86,9.2,73.1,182.6,15.7,2025-07-31 6:12:55,2025-07-31 18:51:55,0.21,"Rain, Partially cloudy",Partly cloudy throughout the day with a chance of rain throughout the day.,rain
"Kano, Nigeria",2025-08-01,25.7,22.1,81.2,13.9,62,242.9,21,2025-08-01 6:13:06,2025-08-01 18:51:37,0.25,"Rain, Partially cloudy",Partly cloudy throughout the day with rain.,rain
"Kano, Nigeria",2025-08-02,26.5,22.4,78.8,13.9,84.3,217,18.8,2025-08-02 6:13:16,2025-08-02 18:51:18,0.28,"Rain, Partially cloudy",Partly cloudy throughout the day with morning rain.,rain
"Kano, Nigeria",2025-08-03,27.2,22.8,78.4,13.9,48.9,260.9,22.5,2025-08-03 6:13:26,2025-08-03 18:50:58,0.31,"Rain, Partially cloudy",Partly cloudy throughout the day with late afternoon rain.,rain
"Kano, Nigeria",2025-08-04,26,22.4,82.2,15,45.8,292.6,25.3,2025-08-04 6:13:36,2025-08-04 18:50:37,0.34,Partially cloudy,Partly cloudy throughout the day.,partly-cloudy-day
"Kano, Nigeria",2025-08-05,25.5,22.3,83.3,11.4,75.2,196.4,16.9,2025-08-05 6:13:45,2025-08-05 18:50:16,0.38,"Rain, Partially cloudy",Partly cloudy throughout the day with rain.,rain
"Kano, Nigeria",2025-08-06,26.4,22.5,80.3,11.4,69.6,267,23.1,2025-08-06 6:13:54,2025-08-06 18:49:53,0.41,"Rain, Partially cloudy",Partly cloudy throughout the day with rain.,rain
"Kano, Nigeria",2025-08-07,26.2,22.8,82.8,17.2,66.4,209.2,18.1,2025-08-07 6:14:03,2025-08-07 18:49:30,0.44,"Rain, Partially cloudy",Partly cloudy throughout the day with rain.,rain
"Kano, Nigeria",2025-08-08,26.8,22.9,80,11.4,38.8,278,24,2025-08-08 6:14:11,2025-08-08 18:49:06,0.47,"Rain, Partially cloudy",Partly cloudy throughout the day with rain.,rain
"Kano, Nigeria",2025-08-09,24.9,22.2,85.5,11.4,72.4,239.1,20.6,2025-08-09 6:14:18,2025-08-09 18:48:42,0.5,"Rain, Partially cloudy",Partly cloudy throughout the day with afternoon rain.,rain
"Kano, Nigeria",2025-08-10,26.6,21.8,76.9,9.2,37.6,300.4,26,2025-08-10 6:14:26,2025-08-10 18:48:16,0.54,"Rain, Partially cloudy",Partly cloudy throughout the day with late afternoon rain.,rain
"Kano, Nigeria",2025-08-11,26.5,22.6,79.7,11.4,63.6,248.4,21.6,2025-08-11 6:14:33,2025-08-11 18:47:50,0.58,"Rain, Partially cloudy",Partly cloudy throughout the day with rain.,rain
"Kano, Nigeria",2025-08-12,26.1,22.6,82.5,17.2,76.6,187.9,16.2,2025-08-12 6:14:39,2025-08-12 18:47:23,0.61,"Rain, Partially cloudy",Partly cloudy throughout the day with a chance of rain throughout the day.,rain
"Kano, Nigeria",2025-08-13,23.5,21.2,87.2,8.1,76.9,105.8,9,2025-08-13 6:14:45,2025-08-13 18:46:55,0.65,"Rain, Partially cloudy",Partly cloudy throughout the day with rain.,rain
"Kano, Nigeria",2025-08-14,24.2,21.1,83.9,11.4,50.6,229.3,19.8,2025-08-14 6:14:51,2025-08-14 18:46:27,0.68,"Rain, Partially cloudy",Partly cloudy throughout the day with a chance of rain throughout the day.,rain
"Kano, Nigeria",2025-08-15,24.3,22.1,87.7,9.6,80.1,127,11,2025-08-15 6:14:56,2025-08-15 18:45:58,0.72,"Rain, Partially cloudy",Partly cloudy throughout the day with a chance of rain throughout the day.,rain
"Kano, Nigeria",2025-08-16,25.7,21.7,79.7,10.3,52.6,252.6,21.7,2025-08-16 6:15:01,2025-08-16 18:45:28,0.75,"Rain, Partially cloudy",Partly cloudy throughout the day with rain.,rain
"Kano, Nigeria",2025-08-17,23.7,21.4,86.7,13,81.6,150,13,2025-08-17 6:15:06,2025-08-17 18:44:58,0.79,"Rain, Partially cloudy",Partly cloudy throughout the day with rain.,rain
"Kano, Nigeria",2025-08-18,23.9,22,89.2,10.3,72.2,101.9,8.9,2025-08-18 6:15:10,2025-08-18 18:44:27,0.83,"Rain, Partially cloudy",Partly cloudy throughout the day with late afternoon rain.,rain
"Kano, Nigeria",2025-08-19,26,22.3,81,12.8,48.2,238.1,20.7,2025-08-19 6:15:14,2025-08-19 18:43:56,0.86,"Rain, Partially cloudy",Partly cloudy throughout the day with rain.,rain
"Kano, Nigeria",2025-08-20,25.6,22.4,83.1,10.7,43.1,240.2,20.9,2025-08-20 6:15:18,2025-08-20 18:43:23,0.9,"Rain, Partially cloudy",Partly cloudy throughout the day with afternoon rain.,rain
"Kano, Nigeria",2025-08-21,25.9,22.2,81.5,11.4,66.8,276.9,23.9,2025-08-21 6:15:21,2025-08-21 18:42:51,0.94,"Rain, Partially cloudy",Partly cloudy throughout the day with rain.,rain
"Kano, Nigeria",2025-08-22,25.8,22.1,81.5,10.3,51.8,250.4,21.8,2025-08-22 6:15:24,2025-08-22 18:42:17,0.97,"Rain, Partially cloudy",Partly cloudy throughout the day with rain.,rain
"Kano, Nigeria",2025-08-23,26.5,22.5,79.5,12.8,66.8,231.2,20,2025-08-23 6:15:26,2025-08-23 18:41:44,0,Partially cloudy,Partly cloudy throughout the day.,partly-cloudy-day
"Kano, Nigeria",2025-08-24,24.8,22,84.4,9.6,71.4,146.6,12.9,2025-08-24 6:15:28,2025-08-24 18:41:09,0.04,"Rain, Partially cloudy",Partly cloudy throughout the day with rain in the morning and afternoon.,rain
"Kano, Nigeria",2025-08-25,25.5,22.4,83.5,12.8,60.4,205.9,17.7,2025-08-25 6:15:30,2025-08-25 18:40:34,0.07,"Rain, Partially cloudy",Partly cloudy throughout the day with a chance of rain throughout the day.,rain
"Kano, Nigeria",2025-08-26,24.9,22.3,86.1,11.4,77.7,149.5,12.9,2025-08-26 6:15:32,2025-08-26 18:39:59,0.1,"Rain, Partially cloudy",Partly cloudy throughout the day with a chance of rain throughout the day.,rain
"Kano, Nigeria",2025-08-27,23.9,22.3,91.1,11.4,66.6,129.4,11.1,2025-08-27 6:15:33,2025-08-27 18:39:23,0.14,"Rain, Partially cloudy",Partly cloudy throughout the day with a chance of rain throughout the day.,rain
"Kano, Nigeria",2025-08-28,26.8,22.8,79.7,8.7,51.1,237.7,20.5,2025-08-28 6:15:34,2025-08-28 18:38:46,0.17,"Rain, Partially cloudy",Partly cloudy throughout the day with afternoon rain.,rain
"Kano, Nigeria",2025-08-29,27.1,23.2,80.4,12.8,67.9,250.1,21.5,2025-08-29 6:15:35,2025-08-29 18:38:10,0.2,"Rain, Partially cloudy",Partly cloudy throughout the day with rain.,rain
"Kano, Nigeria",2025-08-30,24.3,21.8,86,17.2,68.1,205.7,17.8,2025-08-30 6:15:36,2025-08-30 18:37:32,0.23,"Rain, Partially cloudy",Partly cloudy throughout the day with rain.,rain
"Kano, Nigeria",2025-08-31,25.4,21.8,81.6,11.4,55.7,247.8,21.5,2025-08-31 6:15:36,2025-08-31 18:36:55,0.25,"Rain, Partially cloudy",Partly cloudy throughout the day with a chance of rain throughout the day.,rain
"Kano, Nigeria",2025-09-01,26.8,22.5,78.7,10.3,43.4,268,23.2,2025-09-01 6:15:36,2025-09-01 18:36:17,0.3,"Rain, Partially cloudy",Partly cloudy throughout the day with rain.,rain
"Kano, Nigeria",2025-09-02,24,22,88.5,9.2,81,152.9,13.3,2025-09-02 6:15:36,2025-09-02 18:35:39,0.33,"Rain, Partially cloudy",Partly cloudy throughout the day with rain.,rain
"Kano, Nigeria",2025-09-03,25,21.8,83.2,12.8,66.2,235.1,20.2,2025-09-03 6:15:36,2025-09-03 18:35:00,0.36,"Rain, Partially cloudy",Partly cloudy throughout the day with a chance of rain throughout the day.,rain
"Kano, Nigeria",2025-09-04,25.2,22.2,84.6,15,77.5,203,17.4,2025-09-04 6:15:35,2025-09-04 18:34:21,0.39,"Rain, Partially cloudy",Partly cloudy throughout the day with rain.,rain
"Kano, Nigeria",2025-09-05,24.9,22.2,86.1,8.3,84.7,211,18.2,2025-09-05 6:15:34,2025-09-05 18:33:42,0.43,"Rain, Partially cloudy",Partly cloudy throughout the day with a chance of rain throughout the day.,rain
"Kano, Nigeria",2025-09-06,26.3,22.7,81.5,6.9,49.3,274.1,23.9,2025-09-06 6:15:33,2025-09-06 18:33:02,0.46,"Rain, Partially cloudy",Partly cloudy throughout the day with rain.,rain
"Kano, Nigeria",2025-09-07,28,23.4,77.4,5.8,50.9,289.4,24.9,2025-09-07 6:15:32,2025-09-07 18:32:22,0.5,"Rain, Partially cloudy",Partly cloudy throughout the day with late afternoon rain.,rain
"Kano, Nigeria",2025-09-08,26.6,23.2,82.8,11.4,69.4,253.7,21.9,2025-09-08 6:15:31,2025-09-08 18:31:42,0.52,"Rain, Partially cloudy",Partly cloudy throughout the day with rain.,rain
"Kano, Nigeria",2025-09-09,24.8,22,85.5,9.2,76.7,176.3,15.2,2025-09-09 6:15:30,2025-09-09 18:31:02,0.56,"Rain, Partially cloudy",Partly cloudy throughout the day with a chance of rain throughout the day.,rain
"Kano, Nigeria",2025-09-10,26.1,22.9,83.5,5.8,62.3,230.4,19.9,2025-09-10 6:15:28,2025-09-10 18:30:21,0.6,"Rain, Partially cloudy",Partly cloudy throughout the day with rain.,rain
"Kano, Nigeria",2025-09-11,25.8,22.8,84.2,6.9,70.3,105,8.9,2025-09-11 6:15:27,2025-09-11 18:29:41,0.63,"Rain, Partially cloudy",Partly cloudy throughout the day with a chance of rain throughout the day.,rain
"Kano, Nigeria",2025-09-12,27.1,22.5,77.3,8.1,38.1,282.9,24.5,2025-09-12 6:15:25,2025-09-12 18:29:00,0.67,Partially cloudy,Partly cloudy throughout the day.,partly-cloudy-day
"Kano, Nigeria",2025-09-13,24.5,21.7,85.1,12.8,39.6,281.2,24.4,2025-09-13 6:15:24,2025-09-13 18:28:19,0.7,"Rain, Partially cloudy",Partly cloudy throughout the day with afternoon rain.,rain
"Kano, Nigeria",2025-09-14,26.9,21.6,74.1,6.9,33.2,292.7,25.2,2025-09-14 6:15:22,2025-09-14 18:27:38,0.75,"Rain, Partially cloudy",Partly cloudy throughout the day with afternoon rain.,rain
"Kano, Nigeria",2025-09-15,25.7,21.9,80.6,9.2,53.4,241.5,20.8,2025-09-15 6:15:20,2025-09-15 18:26:57,0.77,"Rain, Partially cloudy",Partly cloudy throughout the day with afternoon rain.,rain
"Kano, Nigeria",2025-09-16,25.2,22.3,84.9,13.9,58.5,253.4,21.8,2025-09-16 6:15:19,2025-09-16 18:26:16,0.81,"Rain, Partially cloudy",Partly cloudy throughout the day with a chance of rain throughout the day.,rain
"Kano, Nigeria",2025-09-17,26.9,22.4,78.4,8.1,46.5,283.1,24.3,2025-09-17 6:15:17,2025-09-17 18:25:35,0.84,"Rain, Partially cloudy",Clearing in the afternoon with late afternoon rain.,rain
"Kano, Nigeria",2025-09-18,28.8,22.8,71.7,6.9,24.3,289.1,25,2025-09-18 6:15:15,2025-09-18 18:24:54,0.88,"Rain, Partially cloudy",Partly cloudy throughout the day with late afternoon rain.,rain
"Kano, Nigeria",2025-09-19,28.8,23.9,75.7,10.3,30.4,278.8,24.2,2025-09-19 6:15:14,2025-09-19 18:24:13,0.92,"Rain, Partially cloudy",Partly cloudy throughout the day with afternoon rain.,rain
"Kano, Nigeria",2025-09-20,27,21.6,74.1,25.3,49.8,289.2,25.1,2025-09-20 6:15:12,2025-09-20 18:23:32,0.95,Partially cloudy,Partly cloudy throughout the day.,partly-cloudy-day
"Kano, Nigeria",2025-09-21,26.9,21.2,73.8,10.3,35.2,287.7,24.7,2025-09-21 6:15:10,2025-09-21 18:22:50,0,"Rain, Partially cloudy",Partly cloudy throughout the day with rain.,rain
"Kano, Nigeria",2025-09-22,27.9,23.2,77.1,10.3,66,280.2,24.2,2025-09-22 6:15:09,2025-09-22 18:22:10,0.02,Partially cloudy,Partly cloudy throughout the day.,partly-cloudy-day
"Kano, Nigeria",2025-09-23,25.9,22.7,83,19.7,56.7,148.7,13,2025-09-23 6:15:08,2025-09-23 18:21:29,0.05,Partially cloudy,Partly cloudy throughout the day.,partly-cloudy-day
"Kano, Nigeria",2025-09-24,26.2,22.5,80.7,12.8,63.5,159.5,13.9,2025-09-24 6:15:07,2025-09-24 18:20:48,0.09,"Rain, Partially cloudy",Partly cloudy throughout the day with rain.,rain
"Kano, Nigeria",2025-09-25,26,21.9,80.5,11.4,65.2,242.5,21.1,2025-09-25 6:15:05,2025-09-25 18:20:07,0.12,"Rain, Partially cloudy",Partly cloudy throughout the day with rain.,rain
"Kano, Nigeria",2025-09-26,26.2,22.5,81.1,6.9,55.6,185.1,16,2025-09-26 6:15:05,2025-09-26 18:19:27,0.15,"Rain, Partially cloudy",Partly cloudy throughout the day with a chance of rain throughout the day.,rain
"Kano, Nigeria",2025-09-27,27.5,22.9,77.6,4.9,29.3,277.4,24.1,2025-09-27 6:15:04,2025-09-27 18:18:47,0.18,"Rain, Partially cloudy",Partly cloudy throughout the day with rain.,rain
"Kano, Nigeria",2025-09-28,27.8,22.2,73.8,6.9,53.1,277.6,24.1,2025-09-28 6:15:03,2025-09-28 18:18:07,0.22,Partially cloudy,Partly cloudy throughout the day.,partly-cloudy-day
"Kano, Nigeria",2025-09-29,28.1,22.2,72.2,12.8,15.1,279.6,24.1,2025-09-29 6:15:03,2025-09-29 18:17:27,0.25,Clear,Clear conditions throughout the day.,clear-day
"Kano, Nigeria",2025-09-30,27.7,22.5,75.2,9.2,43,260.8,22.6,2025-09-30 6:15:03,2025-09-30 18:16:47,0.25,Partially cloudy,Partly cloudy throughout the day.,partly-cloudy-day
"Kano, Nigeria",2025-10-01,28.6,22.9,73.6,10.3,32.5,274.3,23.8,2025-10-01 6:15:03,2025-10-01 18:16:08,0.31,"Rain, Partially cloudy",Partly cloudy throughout the day with afternoon rain.,rain
"Kano, Nigeria",2025-10-02,27.2,21.7,72.6,8.9,41.3,252.8,22,2025-10-02 6:15:04,2025-10-02 18:15:29,0.35,"Rain, Partially cloudy",Partly cloudy throughout the day with late afternoon rain.,rain
"Kano, Nigeria",2025-10-03,28.9,22.2,69.6,9.2,12.6,289.2,25,2025-10-03 6:15:04,2025-10-03 18:14:51,0.38,Clear,Clear conditions throughout the day.,clear-day
"Kano, Nigeria",2025-10-04,28.6,23,73.6,9.2,19.6,282.3,24.4,2025-10-04 6:15:05,2025-10-04 18:14:13,0.41,Rain,Clear conditions throughout the day with afternoon rain.,rain
"Kano, Nigeria",2025-10-05,27.3,21.6,72.9,13.9,67.7,272.1,23.5,2025-10-05 6:15:07,2025-10-05 18:13:35,0.44,"Rain, Partially cloudy",Partly cloudy throughout the day with rain.,rain
"Kano, Nigeria",2025-10-06,25.8,21.4,78.8,20.8,53.9,251.6,21.6,2025-10-06 6:15:08,2025-10-06 18:12:57,0.48,"Rain, Partially cloudy",Partly cloudy throughout the day with rain.,rain
"Kano, Nigeria",2025-10-07,26.9,22,76.6,9.2,64,265.9,22.9,2025-10-07 6:15:10,2025-10-07 18:12:21,0.5,Partially cloudy,Partly cloudy throughout the day.,partly-cloudy-day
"Kano, Nigeria",2025-10-08,27.9,22.2,73.2,8.1,11.6,270.8,23.3,2025-10-08 6:15:13,2025-10-08 18:11:44,0.55,Clear,Clear conditions throughout the day.,clear-day
"Kano, Nigeria",2025-10-09,27.6,21.9,73.1,9.2,29.8,269.3,23.2,2025-10-09 6:15:16,2025-10-09 18:11:08,0.58,"Rain, Partially cloudy",Partly cloudy throughout the day with afternoon rain.,rain
"Kano, Nigeria",2025-10-10,26.7,22.4,77.8,25.3,63.3,250.4,21.6,2025-10-10 6:15:19,2025-10-10 18:10:33,0.61,"Rain, Partially cloudy",Partly cloudy throughout the day with rain.,rain
"Kano, Nigeria",2025-10-11,27.2,21.6,73.5,6.9,33.5,264.4,23,2025-10-11 6:15:22,2025-10-11 18:09:58,0.65,Partially cloudy,Partly cloudy throughout the day.,partly-cloudy-day
"Kano, Nigeria",2025-10-12,26.7,22.2,77.3,8.1,55.2,265.6,22.9,2025-10-12 6:15:26,2025-10-12 18:09:23,0.68,"Rain, Partially cloudy",Partly cloudy throughout the day with rain.,rain
"Kano, Nigeria",2025-10-13,27.2,21.1,72.7,6.9,56.8,255.6,22,2025-10-13 6:15:31,2025-10-13 18:08:49,0.75,Partially cloudy,Partly cloudy throughout the day.,partly-cloudy-day
"Kano, Nigeria",2025-10-14,27.6,20.9,69.3,11.4,46.1,225.1,19.4,2025-10-14 6:15:36,2025-10-14 18:08:16,0.75,Partially cloudy,Partly cloudy throughout the day.,partly-cloudy-day
"Kano, Nigeria",2025-10-15,26.4,19.2,67.9,9.2,22.8,285.1,24.6,2025-10-15 6:15:41,2025-10-15 18:07:43,0.79,Partially cloudy,Partly cloudy throughout the day.,partly-cloudy-day
"Kano, Nigeria",2025-10-16,26.4,17.6,62.4,9.2,37.4,276.5,23.9,2025-10-16 6:15:47,2025-10-16 18:07:11,0.82,Partially cloudy,Partly cloudy throughout the day.,partly-cloudy-day
"Kano, Nigeria",2025-10-17,27,16.7,56.3,11.4,22.1,280.5,24.3,2025-10-17 6:15:53,2025-10-17 18:06:40,0.86,Partially cloudy,Partly cloudy throughout the day.,partly-cloudy-day
"Kano, Nigeria",2025-10-18,27.3,15.6,51,16.1,13.1,282.3,24.3,2025-10-18 6:16:00,2025-10-18 18:06:10,0.89,Clear,Clear conditions throughout the day.,clear-day
"Kano, Nigeria",2025-10-19,26.5,12.9,47.1,9.2,18.9,285.6,24.6,2025-10-19 6:16:08,2025-10-19 18:05:40,0.93,Clear,Clear conditions throughout the day.,clear-day
"Kano, Nigeria",2025-10-20,26.4,15.8,55.5,6.9,3.4,287.6,24.8,2025-10-20 6:16:16,2025-10-20 18:05:10,0.96,Clear,Clear conditions throughout the day.,clear-day
"Kano, Nigeria",2025-10-21,27.2,16.3,56.2,9.2,8.3,283,24.4,2025-10-21 6:16:24,2025-10-21 18:04:42,0,Clear,Clear conditions throughout the day.,clear-day
"Kano, Nigeria",2025-10-22,26.6,13.9,50.7,11.4,12.5,283.8,24.4,2025-10-22 6:16:34,2025-10-22 18:04:14,0.03,Clear,Clear conditions throughout the day.,clear-day
"Kano, Nigeria",2025-10-23,25.3,12.8,51.4,13.9,42.8,272.2,23.5,2025-10-23 6:16:43,2025-10-23 18:03:48,0.06,Partially cloudy,Partly cloudy throughout the day.,partly-cloudy-day
"Kano, Nigeria",2025-10-24,25.7,12.2,48.1,12.8,17.4,286.4,24.7,2025-10-24 6:16:54,2025-10-24 18:03:22,0.1,Clear,Clear conditions throughout the day.,clear-day
"Kano, Nigeria",2025-10-25,25.8,12.8,47.2,6.3,16.7,285.7,24.5,2025-10-25 6:17:05,2025-10-25 18:02:56,0.13,Clear,Clear conditions throughout the day.,clear-day
"Kano, Nigeria",2025-10-26,25.5,11.4,45.6,16.1,13.9,284.3,24.4,2025-10-26 6:17:16,2025-10-26 18:02:32,0.16,Clear,Clear conditions throughout the day.,clear-day
"Kano, Nigeria",2025-10-27,26.1,11.1,42.5,16.1,14,278.1,24.1,2025-10-27 6:17:28,2025-10-27 18:02:09,0.2,Clear,Clear conditions throughout the day.,clear-day
"Kano, Nigeria",2025-10-28,26.2,11.5,42.7,13.9,43,264.5,23,2025-10-28 6:17:41,2025-10-28 18:01:46,0.23,Partially cloudy,Partly cloudy throughout the day.,partly-cloudy-day
"Kano, Nigeria",2025-10-29,26.6,12.6,45.4,5.8,54.9,261.6,22.8,2025-10-29 6:17:55,2025-10-29 18:01:25,0.25,Partially cloudy,Partly cloudy throughout the day.,partly-cloudy-day
"Kano, Nigeria",2025-10-30,25.8,13,47.2,10.3,40.4,274.1,23.7,2025-10-30 6:18:09,2025-10-30 18:01:04,0.3,Partially cloudy,Partly cloudy throughout the day.,partly-cloudy-day
"Kano, Nigeria",2025-10-31,25.9,12.1,45.9,12.8,33.5,275.3,23.9,2025-10-31 6:18:23,2025-10-31 18:00:44,0.33,Partially cloudy,Partly cloudy throughout the day.,partly-cloudy-day
"Kano, Nigeria",2025-11-01,26.1,11.1,42.3,11.4,28.8,279.5,24.3,2025-11-01 6:18:39,2025-11-01 18:00:25,0.36,Partially cloudy,Becoming cloudy in the afternoon.,partly-cloudy-day
"Kano, Nigeria",2025-11-02,25.7,10.2,41,11.4,30.6,279,24.3,2025-11-02 6:18:55,2025-11-02 18:00:08,0.4,Partially cloudy,Clearing in the afternoon.,partly-cloudy-day
"Kano, Nigeria",2025-11-03,25.4,11,45.1,9.2,8.1,276.6,24.1,2025-11-03 6:19:11,2025-11-03 17:59:51,0.43,Clear,Clear conditions throughout the day.,clear-day
"Kano, Nigeria",2025-11-04,24.9,13.6,52.5,9.2,25.8,270,23.3,2025-11-04 6:19:29,2025-11-04 17:59:35,0.46,Partially cloudy,Partly cloudy throughout the day.,partly-cloudy-day
"Kano, Nigeria",2025-11-05,25.9,11.7,45.1,11.4,40.3,261.8,22.7,2025-11-05 6:19:47,2025-11-05 17:59:20,0.5,Partially cloudy,Partly cloudy throughout the day.,partly-cloudy-day
"Kano, Nigeria",2025-11-06,25.4,11.2,45.1,6.9,54.9,267.6,23.1,2025-11-06 6:20:05,2025-11-06 17:59:07,0.53,Partially cloudy,Partly cloudy throughout the day.,partly-cloudy-day
"Kano, Nigeria",2025-11-07,25,9.8,42.6,8.1,45.9,266.4,23,2025-11-07 6:20:25,2025-11-07 17:58:54,0.56,Partially cloudy,Partly cloudy throughout the day.,partly-cloudy-day
"Kano, Nigeria",2025-11-08,25,9.8,40.7,8.1,32.1,270.7,23.3,2025-11-08 6:20:44,2025-11-08 17:58:42,0.6,Partially cloudy,Partly cloudy throughout the day.,partly-cloudy-day
"Kano, Nigeria",2025-11-09,24.4,11.2,47.5,8.1,15.7,269.7,23.2,2025-11-09 6:21:05,2025-11-09 17:58:32,0.63,Clear,Clear conditions throughout the day.,clear-day
"Kano, Nigeria",2025-11-10,25.5,10.7,43.1,13.9,56.3,262,22.5,2025-11-10 6:21:26,2025-11-10 17:58:22,0.67,Partially cloudy,Partly cloudy throughout the day.,partly-cloudy-day
"Kano, Nigeria",2025-11-11,25.4,9.9,41.6,15,16.2,267.5,23.2,2025-11-11 6:21:48,2025-11-11 17:58:14,0.7,Clear,Clear conditions throughout the day.,clear-day
"Kano, Nigeria",2025-11-12,22.3,8,45.8,10.3,6.8,273.7,23.6,2025-11-12 6:22:11,2025-11-12 17:58:07,0.75,Clear,Clear conditions throughout the day.,clear-day
"Kano, Nigeria",2025-11-13,23.5,9.4,44.1,15,18.4,267.8,23.2,2025-11-13 6:22:34,2025-11-13 17:58:01,0.77,Clear,Clear conditions throughout the day.,clear-day
"Kano, Nigeria",2025-11-14,24.2,11.5,47.4,11.4,26.3,264.6,22.8,2025-11-14 6:22:57,2025-11-14 17:57:56,0.8,Partially cloudy,Partly cloudy throughout the day.,partly-cloudy-day
"Kano, Nigeria",2025-11-15,23.8,9.3,42.3,12.8,5.7,265,22.9,2025-11-15 6:23:22,2025-11-15 17:57:52,0.84,Clear,Clear conditions throughout the day.,clear-day
"Kano, Nigeria",2025-11-16,23,8.5,41.8,9.8,45.4,266.3,23.1,2025-11-16 6:23:47,2025-11-16 17:57:49,0.87,Partially cloudy,Partly cloudy throughout the day.,partly-cloudy-day
"Kano, Nigeria",2025-11-17,21.3,6.8,42.9,11.4,9.4,267.3,23.1,2025-11-17 6:24:12,2025-11-17 17:57:47,0.9,Clear,Clear conditions throughout the day.,clear-day
"Kano, Nigeria",2025-11-18,22.3,7.7,42.6,11.4,2.9,261.8,22.6,2025-11-18 6:24:38,2025-11-18 17:57:47,0.94,Clear,Clear conditions throughout the day.,clear-day
"Kano, Nigeria",2025-11-19,23.6,10,46.6,9.2,7.6,256.2,22.3,2025-11-19 6:25:05,2025-11-19 17:57:47,0.97,Clear,Clear conditions throughout the day.,clear-day
"Kano, Nigeria",2025-11-20,24.9,9.4,41.7,10.3,9.2,258,22.3,2025-11-20 6:25:32,2025-11-20 17:57:49,0,Clear,Clear conditions throughout the day.,clear-day
"Kano, Nigeria",2025-11-21,25.1,9,39.7,12.8,16.6,259.5,22.4,2025-11-21 6:25:59,2025-11-21 17:57:52,0.04,Clear,Clear conditions throughout the day.,clear-day
"Kano, Nigeria",2025-11-22,23.7,8,41.7,6,53.8,261,22.6,2025-11-22 6:26:27,2025-11-22 17:57:55,0.07,Partially cloudy,Partly cloudy throughout the day.,partly-cloudy-day
"Kano, Nigeria",2025-11-23,23,6.3,40.1,11.4,40,255,22.1,2025-11-23 6:26:56,2025-11-23 17:58:00,0.11,Partially cloudy,Partly cloudy throughout the day.,partly-cloudy-day
"Kano, Nigeria",2025-11-24,23.4,5.2,35.6,13.9,25.5,261.8,22.7,2025-11-24 6:27:25,2025-11-24 17:58:07,0.14,Partially cloudy,Partly cloudy throughout the day.,partly-cloudy-day
"Kano, Nigeria",2025-11-25,22,7.8,45,13.9,13,256.5,22.1,2025-11-25 6:27:54,2025-11-25 17:58:14,0.18,Clear,Clear conditions throughout the day.,clear-day
"Kano, Nigeria",2025-11-26,24.2,10.6,45.8,12.8,13.6,253.4,21.9,2025-11-26 6:28:24,2025-11-26 17:58:22,0.21,Clear,Clear conditions throughout the day.,clear-day
"Kano, Nigeria",2025-11-27,24.4,11.1,49.4,8.1,8.9,252.3,21.8,2025-11-27 6:28:54,2025-11-27 17:58:31,0.24,Clear,Clear conditions throughout the day.,clear-day
"Kano, Nigeria",2025-11-28,25.3,9.3,41.2,11.4,8.1,253.4,21.8,2025-11-28 6:29:25,2025-11-28 17:58:42,0.25,Clear,Clear conditions throughout the day.,clear-day
"Kano, Nigeria",2025-11-29,25.5,8.3,37.8,8.1,15.5,252.3,21.8,2025-11-29 6:29:56,2025-11-29 17:58:53,0.31,Clear,Clear conditions throughout the day.,clear-day
"Kano, Nigeria",2025-11-30,24.3,8.5,39.2,11.4,1.9,251.4,21.8,2025-11-30 6:30:27,2025-11-30 17:59:06,0.35,Clear,Clear conditions throughout the day.,clear-day
"Kano, Nigeria",2025-12-01,24.3,7.9,37.2,19.7,21.6,248.2,21.5,2025-12-01 6:30:59,2025-12-01 17:59:19,0.38,Partially cloudy,Partly cloudy throughout the day.,partly-cloudy-day
"Kano, Nigeria",2025-12-02,24,9,41.8,5.6,51.6,241.8,21,2025-12-02 6:31:30,2025-12-02 17:59:34,0.41,Partially cloudy,Partly cloudy throughout the day.,partly-cloudy-day
"Kano, Nigeria",2025-12-03,25.4,9.9,40.5,6.9,19.1,237.6,20.6,2025-12-03 6:32:02,2025-12-03 17:59:50,0.45,Clear,Clear conditions throughout the day.,clear-day
"Kano, Nigeria",2025-12-04,24.4,11.5,47.9,5.1,43.3,242.5,21,2025-12-04 6:32:34,2025-12-04 18:00:06,0.48,Partially cloudy,Partly cloudy throughout the day.,partly-cloudy-day
"Kano, Nigeria",2025-12-05,23.7,11.1,49.7,5.8,26.2,244.9,21.1,2025-12-05 6:33:07,2025-12-05 18:00:24,0.5,Partially cloudy,Partly cloudy throughout the day.,partly-cloudy-day
"Kano, Nigeria",2025-12-06,23.1,9.2,46.6,11.4,31,245,21.1,2025-12-06 6:33:39,2025-12-06 18:00:42,0.55,Partially cloudy,Partly cloudy throughout the day.,partly-cloudy-day
"Kano, Nigeria",2025-12-07,21.7,4.5,35.4,8.5,36.2,245.4,21.1,2025-12-07 6:34:11,2025-12-07 18:01:02,0.58,Partially cloudy,Partly cloudy throughout the day.,partly-cloudy-day
"Kano, Nigeria",2025-12-08,21.8,5.2,36.2,13.9,46,244.4,21.1,2025-12-08 6:34:44,2025-12-08 18:01:22,0.62,Partially cloudy,Partly cloudy throughout the day.,partly-cloudy-day
"Kano, Nigeria",2025-12-09,22,5.3,35.7,9.2,30,245.2,21.1,2025-12-09 6:35:17,2025-12-09 18:01:43,0.65,Partially cloudy,Partly cloudy throughout the day.,partly-cloudy-day
"Kano, Nigeria",2025-12-10,20.2,6.6,44.2,12.8,57.8,224.8,19.5,2025-12-10 6:35:49,2025-12-10 18:02:05,0.68,Partially cloudy,Partly cloudy throughout the day.,partly-cloudy-day
"Kano, Nigeria",2025-12-11,22.4,6.4,37.6,9.2,55.1,242.9,21,2025-12-11 6:36:22,2025-12-11 18:02:28,0.75,Partially cloudy,Partly cloudy throughout the day.,partly-cloudy-day
"Kano, Nigeria",2025-12-12,22.8,9,46.3,10.3,42.9,240.8,20.7,2025-12-12 6:36:54,2025-12-12 18:02:51,0.75,Partially cloudy,Partly cloudy throughout the day.,partly-cloudy-day
"Kano, Nigeria",2025-12-13,23.5,9.4,44.6,10.3,41.5,237.3,20.6,2025-12-13 6:37:26,2025-12-13 18:03:16,0.78,Partially cloudy,Partly cloudy throughout the day.,partly-cloudy-day
"Kano, Nigeria",2025-12-14,23.4,9.3,43.3,12.8,27.4,240.6,20.7,2025-12-14 6:37:58,2025-12-14 18:03:41,0.81,Partially cloudy,Partly cloudy throughout the day.,partly-cloudy-day
"Kano, Nigeria",2025-12-15,22.8,5.9,36.1,11.4,19.4,246.9,21.5,2025-12-15 6:38:30,2025-12-15 18:04:07,0.85,Clear,Clear conditions throughout the day.,clear-day
"Kano, Nigeria",2025-12-16,21.1,7,43.8,12.8,48.5,243.7,21.1,2025-12-16 6:39:02,2025-12-16 18:04:33,0.88,Partially cloudy,Partly cloudy throughout the day.,partly-cloudy-day
"Kano, Nigeria",2025-12-17,19.6,6.4,45.8,16.1,27.9,249,21.7,2025-12-17 6:39:34,2025-12-17 18:05:01,0.91,Partially cloudy,Partly cloudy throughout the day.,partly-cloudy-day
"Kano, Nigeria",2025-12-18,21.2,7.6,45.2,12.8,34,244.4,21,2025-12-18 6:40:05,2025-12-18 18:05:28,0.95,Partially cloudy,Partly cloudy throughout the day.,partly-cloudy-day
"Kano, Nigeria",2025-12-19,20.7,9,49.5,10.3,5.8,243,20.8,2025-12-19 6:40:36,2025-12-19 18:05:57,0.98,Clear,Clear conditions throughout the day.,clear-day
"Kano, Nigeria",2025-12-20,21.4,7.4,45.2,10.3,9.6,244.8,21,2025-12-20 6:41:06,2025-12-20 18:06:26,0,Clear,Clear conditions throughout the day.,clear-day
"Kano, Nigeria",2025-12-21,21.6,6.9,43.3,6.9,29.7,246.8,21.1,2025-12-21 6:41:36,2025-12-21 18:06:55,0.05,Partially cloudy,Partly cloudy throughout the day.,partly-cloudy-day
"Kano, Nigeria",2025-12-22,21.9,6.8,42.2,8.1,38.4,246.1,21.1,2025-12-22 6:42:06,2025-12-22 18:07:25,0.08,Partially cloudy,Partly cloudy throughout the day.,partly-cloudy-day
"Kano, Nigeria",2025-12-23,24.2,8.4,40.6,8.1,46.6,243.9,21.1,2025-12-23 6:42:35,2025-12-23 18:07:56,0.12,Partially cloudy,Partly cloudy throughout the day.,partly-cloudy-day
"Kano, Nigeria",2025-12-24,24.1,8.6,41.6,8.1,35.7,243.6,21,2025-12-24 6:43:04,2025-12-24 18:08:27,0.15,Partially cloudy,Partly cloudy throughout the day.,partly-cloudy-day
"Kano, Nigeria",2025-12-25,24.3,11.3,47.1,6.9,1.2,242.4,21,2025-12-25 6:43:32,2025-12-25 18:08:58,0.19,Clear,Clear conditions throughout the day.,clear-day
"Kano, Nigeria",2025-12-26,25.9,11.4,43.4,6.3,19,242.2,21,2025-12-26 6:44:00,2025-12-26 18:09:30,0.22,Clear,Clear conditions throughout the day.,clear-day
"Kano, Nigeria",2025-12-27,25.8,10.3,41,6.9,40.3,243.4,21.1,2025-12-27 6:44:27,2025-12-27 18:10:02,0.25,Partially cloudy,Partly cloudy throughout the day.,partly-cloudy-day
"Kano, Nigeria",2025-12-28,26,9.9,38.7,11.4,17.2,242.9,21,2025-12-28 6:44:54,2025-12-28 18:10:34,0.29,Clear,Clear conditions throughout the day.,clear-day
"Kano, Nigeria",2025-12-29,26.2,10.5,40.1,12.8,4.6,242.1,20.9,2025-12-29 6:45:19,2025-12-29 18:11:07,0.33,Clear,Clear conditions throughout the day.,clear-day
"Kano, Nigeria",2025-12-30,24.9,10.3,43.3,10.3,0.4,242.9,21,2025-12-30 6:45:45,2025-12-30 18:11:40,0.36,Clear,Clear conditions throughout the day.,clear-day
"Kano, Nigeria",2025-12-31,25.1,9.9,42.1,7.4,0,244.5,21.3,2025-12-31 6:46:09,2025-12-31 18:12:13,0.4,Clear,Clear conditions throughout the day.,clear-day
"Kano, Nigeria",2026-01-01,25,10.1,41.5,8.1,7.3,244.3,21.2,2026-01-01 6:46:33,2026-01-01 18:12:46,0.43,Clear,Clear conditions throughout the day.,clear-day
"Kano, Nigeria",2026-01-02,24.4,9.4,41.8,12.8,20.7,244.3,21.1,2026-01-02 6:46:56,2026-01-02 18:13:19,0.47,Partially cloudy,Partly cloudy throughout the day.,partly-cloudy-day
"Kano, Nigeria",2026-01-03,22.9,6.6,37.8,11.4,23.3,244.7,21.2,2026-01-03 6:47:18,2026-01-03 18:13:52,0.5,Partially cloudy,Partly cloudy throughout the day.,partly-cloudy-day
"Kano, Nigeria",2026-01-04,23,7.4,41.4,46.1,12.5,245.9,21.3,2026-01-04 6:47:39,2026-01-04 18:14:26,0.53,Clear,Clear conditions throughout the day.,wind
"Kano, Nigeria",2026-01-05,22.7,6.3,39.3,9.4,43.8,246.6,21.3,2026-01-05 6:48:00,2026-01-05 18:14:59,0.57,Partially cloudy,Becoming cloudy in the afternoon.,partly-cloudy-day
"Kano, Nigeria",2026-01-06,22.3,5.8,39.8,10.3,13.1,249.2,21.6,2026-01-06 6:48:19,2026-01-06 18:15:33,0.6,Clear,Clear conditions throughout the day.,clear-day
"Kano, Nigeria",2026-01-07,23,7,39.2,9.2,17.9,248.2,21.4,2026-01-07 6:48:38,2026-01-07 18:16:06,0.63,Clear,Clear conditions throughout the day.,clear-day
"Kano, Nigeria",2026-01-08,23,7.3,39.7,8.1,71.6,249.1,21.3,2026-01-08 6:48:56,2026-01-08 18:16:39,0.66,Partially cloudy,Partly cloudy throughout the day.,partly-cloudy-day
"Kano, Nigeria",2026-01-09,22.1,3.7,32.4,12.8,17.5,253,21.9,2026-01-09 6:49:13,2026-01-09 18:17:13,0.7,Clear,Clear conditions throughout the day.,clear-day
"Kano, Nigeria",2026-01-10,21.3,4.8,34.9,11.4,17.9,256,22.3,2026-01-10 6:49:29,2026-01-10 18:17:46,0.75,Clear,Clear conditions throughout the day.,clear-day
"Kano, Nigeria",2026-01-11,21.7,5.6,37.7,16.1,49.8,254.4,21.9,2026-01-11 6:49:44,2026-01-11 18:18:19,0.76,Partially cloudy,Partly cloudy throughout the day.,partly-cloudy-day
"Kano, Nigeria",2026-01-12,21.2,6.1,41.2,9.2,3.1,256.2,22.1,2026-01-12 6:49:58,2026-01-12 18:18:51,0.79,Clear,Clear conditions throughout the day.,clear-day
"Kano, Nigeria",2026-01-13,21.2,4.1,36.9,12.8,6.3,255.8,22,2026-01-13 6:50:11,2026-01-13 18:19:24,0.83,Clear,Clear conditions throughout the day.,clear-day
"Kano, Nigeria",2026-01-14,21.5,3.3,32.1,8.1,22.5,236.6,20.4,2026-01-14 6:50:24,2026-01-14 18:19:56,0.86,Partially cloudy,Partly cloudy throughout the day.,partly-cloudy-day
"Kano, Nigeria",2026-01-15,22,4,32.8,13.9,38.5,240.5,20.8,2026-01-15 6:50:35,2026-01-15 18:20:28,0.89,Partially cloudy,Partly cloudy throughout the day.,partly-cloudy-day
"Kano, Nigeria",2026-01-16,22.6,5.8,37.8,10.3,15.8,252.2,21.8,2026-01-16 6:50:45,2026-01-16 18:20:59,0.92,Clear,Clear conditions throughout the day.,clear-day
"Kano, Nigeria",2026-01-17,22.2,6.2,39.4,6.9,7.5,255.8,22,2026-01-17 6:50:54,2026-01-17 18:21:31,0.96,Clear,Clear conditions throughout the day.,clear-day
"Kano, Nigeria",2026-01-18,22,8.6,45.1,9.2,18.1,253.1,21.8,2026-01-18 6:51:02,2026-01-18 18:22:02,0,Clear,Clear conditions throughout the day.,clear-day
"Kano, Nigeria",2026-01-19,25.1,9.7,41.5,9.2,18.1,250.8,21.8,2026-01-19 6:51:09,2026-01-19 18:22:32,0.02,Clear,Clear conditions throughout the day.,clear-day
"Kano, Nigeria",2026-01-20,24.4,8.1,41.5,11.4,8.5,247.1,21.5,2026-01-20 6:51:15,2026-01-20 18:23:02,0.06,Clear,Clear conditions throughout the day.,clear-day
"Kano, Nigeria",2026-01-21,25.8,4.1,25.7,9.2,27.2,250.5,21.8,2026-01-21 6:51:19,2026-01-21 18:23:32,0.09,Partially cloudy,Partly cloudy throughout the day.,partly-cloudy-day
"Kano, Nigeria",2026-01-22,23.1,2.4,27,6.9,73.2,246,21.3,2026-01-22 6:51:23,2026-01-22 18:24:01,0.13,Partially cloudy,Partly cloudy throughout the day.,partly-cloudy-day
"Kano, Nigeria",2026-01-23,22.6,2.3,28.4,10.3,28.8,252.2,21.8,2026-01-23 6:51:26,2026-01-23 18:24:30,0.16,Partially cloudy,Partly cloudy throughout the day.,partly-cloudy-day
"Kano, Nigeria",2026-01-24,23.7,3,27.6,10.3,27,253.2,21.8,2026-01-24 6:51:27,2026-01-24 18:24:58,0.2,Partially cloudy,Partly cloudy throughout the day.,partly-cloudy-day
"Kano, Nigeria",2026-01-25,24,3.6,29.8,6.5,2,256.6,22,2026-01-25 6:51:28,2026-01-25 18:25:26,0.24,Clear,Clear conditions throughout the day.,clear-day
"Kano, Nigeria",2026-01-26,24.2,-1.2,20.5,8.9,7.5,254.5,21.8,2026-01-26 6:51:27,2026-01-26 18:25:53,0.25,Clear,Clear conditions throughout the day.,clear-day
"Kano, Nigeria",2026-01-27,23.2,-0.6,21.5,15,20.3,253.2,21.9,2026-01-27 6:51:25,2026-01-27 18:26:20,0.31,Partially cloudy,Clearing in the afternoon.,partly-cloudy-day
"Kano, Nigeria",2026-01-28,22.5,-0.3,24.1,13.9,12.5,259.3,22.4,2026-01-28 6:51:23,2026-01-28 18:26:46,0.34,Clear,Clear conditions throughout the day.,clear-day
"Kano, Nigeria",2026-01-29,22.8,0.6,25.2,9.2,1.1,261.3,22.5,2026-01-29 6:51:19,2026-01-29 18:27:12,0.38,Clear,Clear conditions throughout the day.,clear-day
"Kano, Nigeria",2026-01-30,23.4,2.8,28.9,9.2,58.6,261.1,22.4,2026-01-30 6:51:14,2026-01-30 18:27:37,0.41,Partially cloudy,Partly cloudy throughout the day.,partly-cloudy-day
"Kano, Nigeria",2026-01-31,24.3,3.8,31.1,10.3,10.2,262.2,22.6,2026-01-31 6:51:08,2026-01-31 18:28:02,0.45,Clear,Clear conditions throughout the day.,clear-day
"Kano, Nigeria",2026-02-01,25.3,5.2,30.7,5.8,21.1,262.4,22.6,2026-02-01 6:51:01,2026-02-01 18:28:25,0.5,Partially cloudy,Partly cloudy throughout the day.,partly-cloudy-day
"Kano, Nigeria",2026-02-02,25.2,6.6,32.1,13.9,5,261.1,22.5,2026-02-02 6:50:53,2026-02-02 18:28:49,0.52,Clear,Clear conditions throughout the day.,clear-day
"Kano, Nigeria",2026-02-03,24.8,6.3,34.8,9.2,23.4,258.2,22.3,2026-02-03 6:50:44,2026-02-03 18:29:11,0.55,Partially cloudy,Becoming cloudy in the afternoon.,partly-cloudy-day
"Kano, Nigeria",2026-02-04,27.4,6.6,30.2,9.2,65.3,260.4,22.5,2026-02-04 6:50:34,2026-02-04 18:29:34,0.58,Partially cloudy,Partly cloudy throughout the day.,partly-cloudy-day
"Kano, Nigeria",2026-02-05,26.3,6.3,31.9,11.4,56.2,252.1,21.7,2026-02-05 6:50:22,2026-02-05 18:29:55,0.61,Partially cloudy,Partly cloudy throughout the day.,partly-cloudy-day
"Kano, Nigeria",2026-02-06,26.7,4.8,28.5,8.1,46.6,268.2,23.1,2026-02-06 6:50:10,2026-02-06 18:30:16,0.65,Partially cloudy,Clearing in the afternoon.,partly-cloudy-day
"Kano, Nigeria",2026-02-07,25.1,8.8,38.4,8.1,32.6,266.3,23,2026-02-07 6:49:57,2026-02-07 18:30:36,0.68,Partially cloudy,Becoming cloudy in the afternoon.,partly-cloudy-day
"Kano, Nigeria",2026-02-08,26.8,5.4,28.9,11.4,52.2,265.7,22.8,2026-02-08 6:49:43,2026-02-08 18:30:56,0.71,Partially cloudy,Partly cloudy throughout the day.,partly-cloudy-day
"Kano, Nigeria",2026-02-09,27.1,6.4,29.9,6,44.3,272.7,23.4,2026-02-09 6:49:27,2026-02-09 18:31:15,0.75,Partially cloudy,Becoming cloudy in the afternoon.,partly-cloudy-day
"Kano, Nigeria",2026-02-10,25.4,7.2,35.5,6,91.5,262,22.6,2026-02-10 6:49:11,2026-02-10 18:31:33,0.77,Overcast,Cloudy skies throughout the day.,cloudy
"Kano, Nigeria",2026-02-11,27.4,5.9,28.8,6.9,68.5,273.2,23.5,2026-02-11 6:48:54,2026-02-11 18:31:51,0.81,Partially cloudy,Partly cloudy throughout the day.,partly-cloudy-day
"Kano, Nigeria",2026-02-12,26.2,4.8,27.9,18.3,47,274.1,23.5,2026-02-12 6:48:36,2026-02-12 18:32:08,0.84,Partially cloudy,Clearing in the afternoon.,partly-cloudy-day
"Kano, Nigeria",2026-02-13,24.9,6.1,33.3,10.3,11.8,271.2,23.2,2026-02-13 6:48:17,2026-02-13 18:32:25,0.87,Clear,Clear conditions throughout the day.,clear-day
"Kano, Nigeria",2026-02-14,27.4,8.6,33,6.9,46.1,266.9,23.1,2026-02-14 6:47:57,2026-02-14 18:32:41,0.9,Partially cloudy,Partly cloudy throughout the day.,partly-cloudy-day
"Kano, Nigeria",2026-02-15,28.2,7.9,33.4,11.4,35.7,259.1,22.4,2026-02-15 6:47:37,2026-02-15 18:32:56,0.93,Partially cloudy,Partly cloudy throughout the day.,partly-cloudy-day
"Kano, Nigeria",2026-02-16,26.9,4.1,25.5,13.9,13.7,273,23.5,2026-02-16 6:47:15,2026-02-16 18:33:11,0.97,Clear,Clear conditions throughout the day.,clear-day
"Kano, Nigeria",2026-02-17,22.6,3.4,31.7,19.7,0,287,25.1,2026-02-17 6:46:53,2026-02-17 18:33:25,0,Clear,Clear conditions throughout the day.,clear-day
"Kano, Nigeria",2026-02-18,22.1,-5,21.1,17.2,39.5,273.6,23.9,2026-02-18 6:46:29,2026-02-18 18:33:38,0.03,Partially cloudy,Becoming cloudy in the afternoon.,partly-cloudy-day
"Kano, Nigeria",2026-02-19,23.6,-5.9,17.8,15,3.8,278.7,24.1,2026-02-19 6:46:05,2026-02-19 18:33:51,0.07,Clear,Clear conditions throughout the day.,clear-day
"Kano, Nigeria",2026-02-20,24.1,-2.5,22.1,14.5,1.9,278.6,24.1,2026-02-20 6:45:40,2026-02-20 18:34:04,0.11,Clear,Clear conditions throughout the day.,clear-day
"Kano, Nigeria",2026-02-21,25.7,-4.6,14.8,13.2,2.9,280.5,24.2,2026-02-21 6:45:15,2026-02-21 18:34:16,0.14,Clear,Clear conditions throughout the day.,clear-day
"Kano, Nigeria",2026-02-22,25.5,-5.1,16.6,13.9,8.3,282.1,24.2,2026-02-22 6:44:48,2026-02-22 18:34:27,0.18,Clear,Clear conditions throughout the day.,clear-day
"Kano, Nigeria",2026-02-23,24.8,-7.4,12.8,15.2,12.7,285.4,24.8,2026-02-23 6:44:21,2026-02-23 18:34:38,0.21,Clear,Clear conditions throughout the day.,clear-day
"Kano, Nigeria",2026-02-24,24.2,-5.8,15,17.2,50.5,277.5,24,2026-02-24 6:43:53,2026-02-24 18:34:48,0.25,Partially cloudy,Partly cloudy throughout the day.,partly-cloudy-day